,red_social,Followers,audience
0,Youtube,212100000.0,India
1,Youtube,132100000.0,Varios
2,Youtube,130400000.0,India
3,Youtube,111400000.0,United States
4,Youtube,92500000.0,United States
5,Youtube,92400000.0,Varios
6,Youtube,90100000.0,Varios
7,Youtube,86900000.0,United States
8,Youtube,82700000.0,India
9,Youtube,80400000.0,Varios
10,Youtube,76200000.0,United States
11,Youtube,68100000.0,United States
12,Youtube,67900000.0,India
13,Youtube,65500000.0,Brazil
14,Youtube,65000000.0,United States
15,Youtube,64900000.00000001,India
16,Youtube,64700000.0,United States
17,Youtube,61500000.0,India
18,Youtube,59200000.0,India
19,Youtube,57400000.0,United States
20,Youtube,56600000.0,Varios
21,Youtube,55200000.0,Varios
22,Youtube,55000000.0,United States
23,Youtube,51500000.0,India
24,Youtube,51200000.0,India
25,Youtube,50900000.0,India
26,Youtube,50300000.0,India
27,Youtube,49900000.0,India
28,Youtube,48900000.0,Varios
29,Youtube,48700000.0,Varios
30,Youtube,48300000.0,India
31,Youtube,45500000.0,Mexico
32,Youtube,45500000.0,Mexico
33,Youtube,45300000.0,India
34,Youtube,45100000.0,United States
35,Youtube,44000000.0,Brazil
36,Youtube,43800000.0,Brazil
37,Youtube,43200000.0,United States
38,Youtube,42600000.0,United States
39,Youtube,42600000.0,Brazil
40,Youtube,42600000.0,India
41,Youtube,41600000.0,United States
42,Youtube,41200000.0,India
43,Youtube,40800000.0,Varios
44,Youtube,40000000.0,India
45,Youtube,39000000.0,Russia
46,Youtube,38800000.0,Philippines
47,Youtube,38700000.0,Varios
48,Youtube,38400000.0,Mexico
49,Youtube,38400000.0,Varios
50,Youtube,38200000.0,United States
51,Youtube,37400000.0,Varios
52,Youtube,37200000.0,Brazil
53,Youtube,37100000.0,Brazil
54,Youtube,36500000.0,India
55,Youtube,36000000.0,Mexico
56,Youtube,35800000.0,India
57,Youtube,35800000.0,Argentina
58,Youtube,35800000.0,India
59,Youtube,35600000.0,Thailand
60,Youtube,35100000.0,Varios
61,Youtube,34900000.0,France
62,Youtube,34500000.0,Varios
63,Youtube,33700000.0,Varios
64,Youtube,33700000.0,India
65,Youtube,33300000.0,Colombia
66,Youtube,33300000.0,Thailand
67,Youtube,32900000.0,Mexico
68,Youtube,32800000.0,Varios
69,Youtube,32800000.0,United States
70,Youtube,32700000.000000004,India
71,Youtube,32500000.0,United States
72,Youtube,32300000.0,Varios
73,Youtube,32100000.0,Varios
74,Youtube,32100000.0,India
75,Youtube,32100000.0,United States
76,Youtube,32100000.0,India
77,Youtube,31900000.0,India
78,Youtube,31700000.0,India
79,Youtube,31500000.0,Varios
80,Youtube,31500000.0,India
81,Youtube,31300000.0,India
82,Youtube,31000000.0,United States
83,Youtube,30900000.0,Mexico
84,Youtube,30900000.0,Mexico
85,Youtube,30900000.0,India
86,Youtube,30700000.0,Thailand
87,Youtube,30500000.0,United States
88,Youtube,30500000.0,India
89,Youtube,30500000.0,United States
90,Youtube,30500000.0,India
91,Youtube,30400000.0,Varios
92,Youtube,30300000.0,India
93,Youtube,30200000.0,United States
94,Youtube,30100000.0,India
95,Youtube,29700000.0,Varios
96,Youtube,29700000.0,Indonesia
97,Youtube,29700000.0,Brazil
98,Youtube,29600000.0,Indonesia
99,Youtube,29500000.0,United States
100,Youtube,29300000.0,United States
101,Youtube,28900000.0,India
102,Youtube,28800000.0,India
103,Youtube,28600000.0,Pakistan
104,Youtube,28500000.0,United States
105,Youtube,28300000.0,United States
106,Youtube,28200000.0,United States
107,Youtube,28100000.0,Varios
108,Youtube,27700000.0,United States
109,Youtube,27500000.0,United States
110,Youtube,27500000.0,United States
111,Youtube,27400000.0,United States
112,Youtube,27300000.0,Varios
113,Youtube,26900000.0,Varios
114,Youtube,26900000.0,Varios
115,Youtube,26900000.0,Pakistan
116,Youtube,26700000.0,India
117,Youtube,26600000.0,India
118,Youtube,26500000.0,United States
119,Youtube,26500000.0,Varios
120,Youtube,26500000.0,Mexico
121,Youtube,26400000.0,Philippines
122,Youtube,26200000.0,Varios
123,Youtube,26100000.0,United States
124,Youtube,26000000.0,United States
125,Youtube,25800000.0,Varios
126,Youtube,25800000.0,United States
127,Youtube,25600000.0,United States
128,Youtube,25600000.0,Ecuador
129,Youtube,25600000.0,Varios
130,Youtube,25400000.0,Mexico
131,Youtube,25300000.0,India
132,Youtube,25200000.0,India
133,Youtube,25200000.0,India
134,Youtube,25000000.0,Varios
135,Youtube,25000000.0,United States
136,Youtube,24800000.0,Brazil
137,Youtube,24700000.0,Iraq
138,Youtube,24500000.0,India
139,Youtube,24500000.0,Varios
140,Youtube,24400000.0,United States
141,Youtube,24400000.0,Varios
142,Youtube,24400000.0,Varios
143,Youtube,24400000.0,Indonesia
144,Youtube,24400000.0,United States
145,Youtube,24300000.0,India
146,Youtube,24200000.0,United States
147,Youtube,24200000.0,Varios
148,Youtube,24200000.0,United States
149,Youtube,24000000.0,Brazil
150,Youtube,24000000.0,Varios
151,Youtube,23800000.0,Varios
152,Youtube,23800000.0,United States
153,Youtube,23600000.0,India
154,Youtube,23400000.0,United States
155,Youtube,23400000.0,Indonesia
156,Youtube,23200000.0,United States
157,Youtube,23200000.0,United States
158,Youtube,23000000.0,United States
159,Youtube,23000000.0,Varios
160,Youtube,23000000.0,Philippines
161,Youtube,22800000.0,Varios
162,Youtube,22800000.0,United States
163,Youtube,22800000.0,United States
164,Youtube,22600000.0,Varios
165,Youtube,22600000.0,Russia
166,Youtube,22500000.0,Brazil
167,Youtube,22400000.0,Varios
168,Youtube,22400000.0,Mexico
169,Youtube,22400000.0,India
170,Youtube,22300000.0,India
171,Youtube,22300000.0,India
172,Youtube,22200000.0,Varios
173,Youtube,22200000.0,United States
174,Youtube,22000000.0,Turkey
175,Youtube,22000000.0,India
176,Youtube,21800000.0,Varios
177,Youtube,21700000.0,Thailand
178,Youtube,21600000.0,Colombia
179,Youtube,21600000.0,Saudi Arabia
180,Youtube,21400000.0,Russia
181,Youtube,21400000.0,India
182,Youtube,21400000.0,Varios
183,Youtube,21200000.0,Indonesia
184,Youtube,21000000.0,United States
185,Youtube,21000000.0,India
186,Youtube,21000000.0,United States
187,Youtube,21000000.0,Varios
188,Youtube,20800000.0,United States
189,Youtube,20800000.0,India
190,Youtube,20800000.0,United States
191,Youtube,20700000.0,Brazil
192,Youtube,20600000.0,India
193,Youtube,20600000.0,Varios
194,Youtube,20600000.0,India
195,Youtube,20600000.0,Varios
196,Youtube,20600000.0,India
197,Youtube,20600000.0,Varios
198,Youtube,20500000.0,India
199,Youtube,20400000.0,United States
200,Youtube,20400000.0,United States
201,Youtube,20400000.0,Indonesia
202,Youtube,20400000.0,United States
203,Youtube,20400000.0,Varios
204,Youtube,20200000.0,Brazil
205,Youtube,20200000.0,United States
206,Youtube,20200000.0,India
207,Youtube,20000000.0,United States
208,Youtube,20000000.0,Varios
209,Youtube,20000000.0,India
210,Youtube,20000000.0,India
211,Youtube,20000000.0,India
212,Youtube,19800000.0,Russia
213,Youtube,19800000.0,India
214,Youtube,19800000.0,United States
215,Youtube,19800000.0,Varios
216,Youtube,19800000.0,United States
217,Youtube,19800000.0,United States
218,Youtube,19800000.0,United States
219,Youtube,19800000.0,India
220,Youtube,19600000.0,Indonesia
221,Youtube,19600000.0,United States
222,Youtube,19400000.0,Pakistan
223,Youtube,19400000.0,United States
224,Youtube,19400000.0,United States
225,Youtube,19200000.0,United States
226,Youtube,19200000.0,Brazil
227,Youtube,19200000.0,United States
228,Youtube,19200000.0,Saudi Arabia
229,Youtube,19100000.0,India
230,Youtube,19100000.0,Iraq
231,Youtube,19000000.0,India
232,Youtube,19000000.0,Mexico
233,Youtube,19000000.0,India
234,Youtube,19000000.0,United States
235,Youtube,18800000.0,Varios
236,Youtube,18800000.0,United States
237,Youtube,18800000.0,United States
238,Youtube,18800000.0,Mexico
239,Youtube,18800000.0,United States
240,Youtube,18800000.0,India
241,Youtube,18600000.0,Spain
242,Youtube,18600000.0,India
243,Youtube,18600000.0,Brazil
244,Youtube,18500000.0,Brazil
245,Youtube,18400000.0,Varios
246,Youtube,18400000.0,United States
247,Youtube,18400000.0,United States
248,Youtube,18400000.0,United States
249,Youtube,18400000.0,Brazil
250,Youtube,18200000.0,United States
251,Youtube,18200000.0,United States
252,Youtube,18200000.0,United States
253,Youtube,18200000.0,Pakistan
254,Youtube,18200000.0,Varios
255,Youtube,18100000.0,Philippines
256,Youtube,18100000.0,Indonesia
257,Youtube,18100000.0,Varios
258,Youtube,18000000.0,Varios
259,Youtube,18000000.0,Varios
260,Youtube,18000000.0,Russia
261,Youtube,18000000.0,India
262,Youtube,18000000.0,Varios
263,Youtube,18000000.0,Varios
264,Youtube,18000000.0,Indonesia
265,Youtube,17800000.0,Brazil
266,Youtube,17800000.0,Varios
267,Youtube,17800000.0,Brazil
268,Youtube,17800000.0,Varios
269,Youtube,17800000.0,Philippines
270,Youtube,17700000.0,United States
271,Youtube,17600000.0,United States
272,Youtube,17600000.0,United States
273,Youtube,17600000.0,Varios
274,Youtube,17500000.0,India
275,Youtube,17500000.0,Varios
276,Youtube,17500000.0,Spain
277,Youtube,17500000.0,Varios
278,Youtube,17500000.0,United States
279,Youtube,17500000.0,Russia
280,Youtube,17500000.0,United States
281,Youtube,17500000.0,United States
282,Youtube,17500000.0,Mexico
283,Youtube,17500000.0,Indonesia
284,Youtube,17500000.0,Russia
285,Youtube,17300000.0,India
286,Youtube,17300000.0,Varios
287,Youtube,17300000.0,Indonesia
288,Youtube,17300000.0,Thailand
289,Youtube,17300000.0,India
290,Youtube,17300000.0,India
291,Youtube,17300000.0,United States
292,Youtube,17300000.0,Russia
293,Youtube,17300000.0,Brazil
294,Youtube,17100000.0,Varios
295,Youtube,17100000.0,Mexico
296,Youtube,17100000.0,Indonesia
297,Youtube,17100000.0,Colombia
298,Youtube,17100000.0,Varios
299,Youtube,16900000.0,Russia
300,Youtube,16900000.0,India
301,Youtube,16900000.0,Argentina
302,Youtube,16900000.0,United States
303,Youtube,16900000.0,Varios
304,Youtube,16900000.0,Varios
305,Youtube,16900000.0,France
306,Youtube,16700000.0,Varios
307,Youtube,16700000.0,Varios
308,Youtube,16700000.0,United States
309,Youtube,16700000.0,Iraq
310,Youtube,16700000.0,Varios
311,Youtube,16700000.0,Thailand
312,Youtube,16500000.0,United States
313,Youtube,16500000.0,India
314,Youtube,16500000.0,United States
315,Youtube,16500000.0,United States
316,Youtube,16500000.0,Mexico
317,Youtube,16500000.0,Mexico
318,Youtube,16500000.0,United States
319,Youtube,16399999.999999998,United States
320,Youtube,16399999.999999998,India
321,Youtube,16399999.999999998,Algeria
322,Youtube,16399999.999999998,Mexico
323,Youtube,16300000.0,Varios
324,Youtube,16300000.0,India
325,Youtube,16300000.0,Russia
326,Youtube,16300000.0,Brazil
327,Youtube,16300000.0,Mexico
328,Youtube,16200000.0,Mexico
329,Youtube,16100000.000000002,United States
330,Youtube,16100000.000000002,Brazil
331,Youtube,16100000.000000002,United States
332,Youtube,16100000.000000002,Brazil
333,Youtube,16100000.000000002,Colombia
334,Youtube,16100000.000000002,Brazil
335,Youtube,16100000.000000002,Mexico
336,Youtube,15900000.0,Thailand
337,Youtube,15900000.0,United States
338,Youtube,15900000.0,United States
339,Youtube,15800000.0,India
340,Youtube,15700000.0,Thailand
341,Youtube,15700000.0,Varios
342,Youtube,15700000.0,Brazil
343,Youtube,15700000.0,United States
344,Youtube,15700000.0,Varios
345,Youtube,15700000.0,United States
346,Youtube,15700000.0,Brazil
347,Youtube,15700000.0,United States
348,Youtube,15700000.0,United States
349,Youtube,15700000.0,United States
350,Youtube,15600000.0,Indonesia
351,Youtube,15600000.0,India
352,Youtube,15500000.0,Indonesia
353,Youtube,15500000.0,India
354,Youtube,15500000.0,United States
355,Youtube,15500000.0,United States
356,Youtube,15500000.0,India
357,Youtube,15500000.0,United States
358,Youtube,15500000.0,India
359,Youtube,15500000.0,Varios
360,Youtube,15500000.0,Varios
361,Youtube,15400000.0,Indonesia
362,Youtube,15400000.0,Varios
363,Youtube,15400000.0,India
364,Youtube,15300000.0,United States
365,Youtube,15300000.0,Indonesia
366,Youtube,15300000.0,United States
367,Youtube,15300000.0,United States
368,Youtube,15300000.0,United States
369,Youtube,15300000.0,Russia
370,Youtube,15300000.0,Varios
371,Youtube,15300000.0,Varios
372,Youtube,15300000.0,Philippines
373,Youtube,15300000.0,Varios
374,Youtube,15300000.0,Varios
375,Youtube,15100000.0,Brazil
376,Youtube,15100000.0,Indonesia
377,Youtube,15100000.0,United States
378,Youtube,15100000.0,India
379,Youtube,15100000.0,India
380,Youtube,15100000.0,Brazil
381,Youtube,15000000.0,India
382,Youtube,15000000.0,Russia
383,Youtube,15000000.0,United States
384,Youtube,14900000.0,Egypt
385,Youtube,14900000.0,United States
386,Youtube,14900000.0,United States
387,Youtube,14900000.0,Indonesia
388,Youtube,14900000.0,Japan
389,Youtube,14900000.0,Mexico
390,Youtube,14900000.0,Philippines
391,Youtube,14900000.0,Spain
392,Youtube,14900000.0,United States
393,Youtube,14700000.0,Brazil
394,Youtube,14700000.0,United States
395,Youtube,14700000.0,United States
396,Youtube,14700000.0,Brazil
397,Youtube,14700000.0,Brazil
398,Youtube,14700000.0,Varios
399,Youtube,14600000.0,United States
400,Youtube,14600000.0,Bangladesh
401,Youtube,14600000.0,Thailand
402,Youtube,14600000.0,Varios
403,Youtube,14500000.0,India
404,Youtube,14500000.0,India
405,Youtube,14500000.0,Philippines
406,Youtube,14500000.0,India
407,Youtube,14500000.0,Mexico
408,Youtube,14500000.0,United Kingdom
409,Youtube,14500000.0,Brazil
410,Youtube,14500000.0,Varios
411,Youtube,14500000.0,India
412,Youtube,14500000.0,India
413,Youtube,14500000.0,Brazil
414,Youtube,14500000.0,United States
415,Youtube,14500000.0,United States
416,Youtube,14500000.0,Poland
417,Youtube,14500000.0,Mexico
418,Youtube,14500000.0,Egypt
419,Youtube,14500000.0,United States
420,Youtube,14400000.0,Brazil
421,Youtube,14300000.0,India
422,Youtube,14300000.0,Mexico
423,Youtube,14300000.0,India
424,Youtube,14300000.0,Varios
425,Youtube,14300000.0,Thailand
426,Youtube,14300000.0,United States
427,Youtube,14300000.0,Mexico
428,Youtube,14300000.0,United States
429,Youtube,14300000.0,Brazil
430,Youtube,14300000.0,United States
431,Youtube,14300000.0,United States
432,Youtube,14300000.0,United States
433,Youtube,14200000.0,Brazil
434,Youtube,14100000.0,Indonesia
435,Youtube,14100000.0,Indonesia
436,Youtube,14100000.0,United States
437,Youtube,14100000.0,Brazil
438,Youtube,14100000.0,India
439,Youtube,14100000.0,United States
440,Youtube,14100000.0,Brazil
441,Youtube,14100000.0,Thailand
442,Youtube,14100000.0,Mexico
443,Youtube,14100000.0,Russia
444,Youtube,14100000.0,Mexico
445,Youtube,13900000.0,India
446,Youtube,13900000.0,India
447,Youtube,13900000.0,Varios
448,Youtube,13900000.0,Indonesia
449,Youtube,13900000.0,Brazil
450,Youtube,13900000.0,Thailand
451,Youtube,13900000.0,United States
452,Youtube,13900000.0,Russia
453,Youtube,13900000.0,Egypt
454,Youtube,13900000.0,United Kingdom
455,Youtube,13900000.0,India
456,Youtube,13900000.0,Varios
457,Youtube,13900000.0,United States
458,Youtube,13900000.0,Thailand
459,Youtube,13900000.0,India
460,Youtube,13800000.0,India
461,Youtube,13800000.0,Bangladesh
462,Youtube,13700000.0,India
463,Youtube,13700000.0,Egypt
464,Youtube,13700000.0,United States
465,Youtube,13700000.0,Brazil
466,Youtube,13700000.0,Thailand
467,Youtube,13700000.0,Mexico
468,Youtube,13700000.0,Mexico
469,Youtube,13700000.0,Thailand
470,Youtube,13700000.0,Russia
471,Youtube,13700000.0,Mexico
472,Youtube,13600000.0,India
473,Youtube,13500000.0,United States
474,Youtube,13500000.0,Varios
475,Youtube,13500000.0,India
476,Youtube,13500000.0,United States
477,Youtube,13500000.0,United States
478,Youtube,13500000.0,Philippines
479,Youtube,13500000.0,India
480,Youtube,13500000.0,India
481,Youtube,13500000.0,United States
482,Youtube,13500000.0,United States
483,Youtube,13500000.0,India
484,Youtube,13400000.0,Philippines
485,Youtube,13400000.0,United States
486,Youtube,13300000.0,Brazil
487,Youtube,13300000.0,India
488,Youtube,13300000.0,India
489,Youtube,13300000.0,United States
490,Youtube,13300000.0,United States
491,Youtube,13300000.0,Varios
492,Youtube,13300000.0,Russia
493,Youtube,13300000.0,Brazil
494,Youtube,13300000.0,Varios
495,Youtube,13300000.0,Varios
496,Youtube,13300000.0,United States
497,Youtube,13300000.0,India
498,Youtube,13300000.0,Russia
499,Youtube,13300000.0,Russia
500,Youtube,13200000.0,Indonesia
501,Youtube,13100000.0,Varios
502,Youtube,13100000.0,United States
503,Youtube,13100000.0,Argentina
504,Youtube,13100000.0,Varios
505,Youtube,13100000.0,United States
506,Youtube,13100000.0,Varios
507,Youtube,13100000.0,United States
508,Youtube,13100000.0,United States
509,Youtube,13100000.0,India
510,Youtube,13100000.0,Iraq
511,Youtube,13100000.0,Mexico
512,Youtube,13100000.0,India
513,Youtube,13100000.0,Mexico
514,Youtube,13000000.0,United States
515,Youtube,13000000.0,India
516,Youtube,12900000.0,Varios
517,Youtube,12900000.0,Indonesia
518,Youtube,12900000.0,Brazil
519,Youtube,12900000.0,Varios
520,Youtube,12900000.0,United States
521,Youtube,12900000.0,India
522,Youtube,12900000.0,United States
523,Youtube,12900000.0,United States
524,Youtube,12900000.0,United States
525,Youtube,12900000.0,Mexico
526,Youtube,12900000.0,United States
527,Youtube,12900000.0,Argentina
528,Youtube,12800000.0,India
529,Youtube,12700000.0,India
530,Youtube,12700000.0,United States
531,Youtube,12700000.0,United States
532,Youtube,12700000.0,India
533,Youtube,12700000.0,Brazil
534,Youtube,12700000.0,United States
535,Youtube,12700000.0,United States
536,Youtube,12700000.0,Brazil
537,Youtube,12700000.0,United States
538,Youtube,12700000.0,United States
539,Youtube,12700000.0,Russia
540,Youtube,12700000.0,United States
541,Youtube,12700000.0,United States
542,Youtube,12700000.0,Mexico
543,Youtube,12700000.0,Varios
544,Youtube,12600000.0,India
545,Youtube,12600000.0,India
546,Youtube,12600000.0,Philippines
547,Youtube,12600000.0,Brazil
548,Youtube,12500000.0,India
549,Youtube,12500000.0,India
550,Youtube,12500000.0,India
551,Youtube,12500000.0,Brazil
552,Youtube,12500000.0,India
553,Youtube,12500000.0,United States
554,Youtube,12500000.0,United States
555,Youtube,12500000.0,Varios
556,Youtube,12500000.0,United States
557,Youtube,12500000.0,India
558,Youtube,12500000.0,United States
559,Youtube,12500000.0,Indonesia
560,Youtube,12500000.0,United States
561,Youtube,12400000.0,United States
562,Youtube,12400000.0,United States
563,Youtube,12300000.0,Brazil
564,Youtube,12300000.0,United States
565,Youtube,12300000.0,India
566,Youtube,12300000.0,India
567,Youtube,12300000.0,Brazil
568,Youtube,12300000.0,Singapore
569,Youtube,12300000.0,United States
570,Youtube,12300000.0,Brazil
571,Youtube,12300000.0,India
572,Youtube,12300000.0,Iraq
573,Youtube,12300000.0,United States
574,Youtube,12300000.0,United Kingdom
575,Youtube,12300000.0,Mexico
576,Youtube,12300000.0,Mexico
577,Youtube,12300000.0,Brazil
578,Youtube,12300000.0,Philippines
579,Youtube,12300000.0,Mexico
580,Youtube,12300000.0,Varios
581,Youtube,12300000.0,Iraq
582,Youtube,12300000.0,Brazil
583,Youtube,12300000.0,United States
584,Youtube,12300000.0,Brazil
585,Youtube,12300000.0,Varios
586,Youtube,12300000.0,Brazil
587,Youtube,12100000.0,India
588,Youtube,12100000.0,United States
589,Youtube,12100000.0,Brazil
590,Youtube,12100000.0,United States
591,Youtube,12100000.0,United Kingdom
592,Youtube,12100000.0,India
593,Youtube,12100000.0,France
594,Youtube,12100000.0,Varios
595,Youtube,12100000.0,Indonesia
596,Youtube,12100000.0,Varios
597,Youtube,12000000.0,India
598,Youtube,11900000.0,India
599,Youtube,11900000.0,India
600,Youtube,11900000.0,Varios
601,Youtube,11900000.0,Brazil
602,Youtube,11900000.0,Philippines
603,Youtube,11900000.0,Varios
604,Youtube,11900000.0,Varios
605,Youtube,11900000.0,Saudi Arabia
606,Youtube,11900000.0,United States
607,Youtube,11900000.0,United States
608,Youtube,11900000.0,Mexico
609,Youtube,11900000.0,United States
610,Youtube,11900000.0,India
611,Youtube,11900000.0,Varios
612,Youtube,11900000.0,United States
613,Youtube,11900000.0,Colombia
614,Youtube,11900000.0,India
615,Youtube,11800000.0,India
616,Youtube,11800000.0,Mexico
617,Youtube,11800000.0,Varios
618,Youtube,11800000.0,Russia
619,Youtube,11700000.0,India
620,Youtube,11700000.0,Mexico
621,Youtube,11700000.0,Thailand
622,Youtube,11700000.0,Indonesia
623,Youtube,11700000.0,India
624,Youtube,11700000.0,India
625,Youtube,11700000.0,United States
626,Youtube,11700000.0,Brazil
627,Youtube,11700000.0,Varios
628,Youtube,11700000.0,Russia
629,Youtube,11700000.0,United States
630,Youtube,11700000.0,United States
631,Youtube,11700000.0,United States
632,Youtube,11700000.0,United States
633,Youtube,11700000.0,United States
634,Youtube,11700000.0,United States
635,Youtube,11700000.0,Varios
636,Youtube,11700000.0,India
637,Youtube,11700000.0,India
638,Youtube,11600000.0,Colombia
639,Youtube,11600000.0,United States
640,Youtube,11600000.0,India
641,Youtube,11600000.0,Indonesia
642,Youtube,11500000.0,Mexico
643,Youtube,11500000.0,United States
644,Youtube,11500000.0,United States
645,Youtube,11500000.0,Colombia
646,Youtube,11500000.0,Mexico
647,Youtube,11500000.0,India
648,Youtube,11500000.0,United States
649,Youtube,11500000.0,Varios
650,Youtube,11500000.0,India
651,Youtube,11500000.0,India
652,Youtube,11500000.0,Saudi Arabia
653,Youtube,11500000.0,United States
654,Youtube,11500000.0,Brazil
655,Youtube,11500000.0,United States
656,Youtube,11500000.0,United States
657,Youtube,11500000.0,India
658,Youtube,11500000.0,Spain
659,Youtube,11500000.0,India
660,Youtube,11500000.0,India
661,Youtube,11500000.0,India
662,Youtube,11500000.0,India
663,Youtube,11400000.0,India
664,Youtube,11300000.0,Varios
665,Youtube,11300000.0,Pakistan
666,Youtube,11300000.0,Mexico
667,Youtube,11300000.0,India
668,Youtube,11300000.0,Mexico
669,Youtube,11300000.0,Indonesia
670,Youtube,11300000.0,Argentina
671,Youtube,11300000.0,India
672,Youtube,11300000.0,Brazil
673,Youtube,11300000.0,United States
674,Youtube,11300000.0,Varios
675,Youtube,11300000.0,Egypt
676,Youtube,11300000.0,Argentina
677,Youtube,11300000.0,Varios
678,Youtube,11300000.0,United States
679,Youtube,11300000.0,Colombia
680,Youtube,11300000.0,United States
681,Youtube,11300000.0,Mexico
682,Youtube,11300000.0,India
683,Youtube,11300000.0,Philippines
684,Youtube,11300000.0,India
685,Youtube,11200000.0,United States
686,Youtube,11200000.0,Varios
687,Youtube,11200000.0,Indonesia
688,Youtube,11200000.0,India
689,Youtube,11100000.0,India
690,Youtube,11100000.0,Peru
691,Youtube,11100000.0,Egypt
692,Youtube,11100000.0,United States
693,Youtube,11100000.0,Russia
694,Youtube,11100000.0,United States
695,Youtube,11100000.0,United States
696,Youtube,11100000.0,Russia
697,Youtube,11100000.0,Varios
698,Youtube,11100000.0,United States
699,Youtube,11100000.0,United States
700,Youtube,11100000.0,United States
701,Youtube,11100000.0,Spain
702,Youtube,11100000.0,United States
703,Youtube,11100000.0,United States
704,Youtube,11100000.0,Varios
705,Youtube,11100000.0,United States
706,Youtube,11100000.0,India
707,Youtube,11100000.0,Iraq
708,Youtube,11100000.0,United States
709,Youtube,11100000.0,Varios
710,Youtube,11100000.0,India
711,Youtube,11100000.0,United States
712,Youtube,11100000.0,Varios
713,Youtube,11100000.0,Brazil
714,Youtube,11100000.0,Varios
715,Youtube,11000000.0,Argentina
716,Youtube,10900000.0,Brazil
717,Youtube,10900000.0,United States
718,Youtube,10900000.0,India
719,Youtube,10900000.0,India
720,Youtube,10900000.0,United States
721,Youtube,10900000.0,United States
722,Youtube,10900000.0,United States
723,Youtube,10900000.0,Varios
724,Youtube,10900000.0,Varios
725,Youtube,10900000.0,Varios
726,Youtube,10900000.0,Varios
727,Youtube,10900000.0,Russia
728,Youtube,10900000.0,Varios
729,Youtube,10900000.0,India
730,Youtube,10900000.0,United States
731,Youtube,10900000.0,United States
732,Youtube,10900000.0,United States
733,Youtube,10900000.0,United States
734,Youtube,10900000.0,United States
735,Youtube,10900000.0,Mexico
736,Youtube,10900000.0,India
737,Youtube,10900000.0,Mexico
738,Youtube,10900000.0,India
739,Youtube,10900000.0,Mexico
740,Youtube,10900000.0,India
741,Youtube,10900000.0,Brazil
742,Youtube,10800000.0,India
743,Youtube,10800000.0,Pakistan
744,Youtube,10700000.0,Varios
745,Youtube,10700000.0,India
746,Youtube,10700000.0,Brazil
747,Youtube,10700000.0,Brazil
748,Youtube,10700000.0,Brazil
749,Youtube,10700000.0,United States
750,Youtube,10700000.0,Varios
751,Youtube,10700000.0,Brazil
752,Youtube,10700000.0,Varios
753,Youtube,10700000.0,Varios
754,Youtube,10700000.0,Varios
755,Youtube,10700000.0,Varios
756,Youtube,10700000.0,United States
757,Youtube,10700000.0,United Kingdom
758,Youtube,10700000.0,Japan
759,Youtube,10700000.0,Varios
760,Youtube,10700000.0,United States
761,Youtube,10700000.0,United States
762,Youtube,10700000.0,Mexico
763,Youtube,10700000.0,India
764,Youtube,10700000.0,United States
765,Youtube,10700000.0,Varios
766,Youtube,10700000.0,Varios
767,Youtube,10700000.0,United States
768,Youtube,10600000.0,Brazil
769,Youtube,10600000.0,India
770,Youtube,10500000.0,Indonesia
771,Youtube,10500000.0,Cyprus
772,Youtube,10500000.0,United States
773,Youtube,10500000.0,United States
774,Youtube,10500000.0,Peru
775,Youtube,10500000.0,United States
776,Youtube,10500000.0,United States
777,Youtube,10500000.0,Mexico
778,Youtube,10500000.0,Brazil
779,Youtube,10500000.0,United States
780,Youtube,10500000.0,United States
781,Youtube,10500000.0,United States
782,Youtube,10500000.0,Mexico
783,Youtube,10500000.0,United States
784,Youtube,10500000.0,Varios
785,Youtube,10500000.0,United States
786,Youtube,10500000.0,United States
787,Youtube,10500000.0,United States
788,Youtube,10500000.0,United States
789,Youtube,10500000.0,Mexico
790,Youtube,10500000.0,United States
791,Youtube,10500000.0,India
792,Youtube,10500000.0,Brazil
793,Youtube,10500000.0,Varios
794,Youtube,10500000.0,United States
795,Youtube,10400000.0,India
796,Youtube,10400000.0,Morocco
797,Youtube,10300000.0,Egypt
798,Youtube,10300000.0,Brazil
799,Youtube,10300000.0,Varios
800,Youtube,10300000.0,Brazil
801,Youtube,10300000.0,Bangladesh
802,Youtube,10300000.0,United States
803,Youtube,10300000.0,Brazil
804,Youtube,10300000.0,India
805,Youtube,10300000.0,Brazil
806,Youtube,10300000.0,United States
807,Youtube,10300000.0,United States
808,Youtube,10300000.0,United States
809,Youtube,10300000.0,India
810,Youtube,10300000.0,Varios
811,Youtube,10300000.0,United States
812,Youtube,10300000.0,Algeria
813,Youtube,10300000.0,United States
814,Youtube,10300000.0,Indonesia
815,Youtube,10300000.0,Varios
816,Youtube,10300000.0,United States
817,Youtube,10300000.0,Mexico
818,Youtube,10300000.0,India
819,Youtube,10200000.0,India
820,Youtube,10200000.0,India
821,Youtube,10200000.0,Brazil
822,Youtube,10200000.0,Russia
823,Youtube,10100000.0,India
824,Youtube,10100000.0,Morocco
825,Youtube,10100000.0,United States
826,Youtube,10100000.0,Brazil
827,Youtube,10100000.0,Algeria
828,Youtube,10100000.0,United States
829,Youtube,10100000.0,India
830,Youtube,10100000.0,United States
831,Youtube,10100000.0,Mexico
832,Youtube,10100000.0,Mexico
833,Youtube,10100000.0,Mexico
834,Youtube,10100000.0,Varios
835,Youtube,10100000.0,United States
836,Youtube,10100000.0,India
837,Youtube,10100000.0,Japan
838,Youtube,10100000.0,India
839,Youtube,10100000.0,India
840,Youtube,10100000.0,Varios
841,Youtube,10100000.0,India
842,Youtube,10100000.0,Brazil
843,Youtube,10100000.0,United States
844,Youtube,10100000.0,Russia
845,Youtube,10100000.0,Turkey
846,Youtube,10100000.0,India
847,Youtube,10100000.0,Varios
848,Youtube,10100000.0,United States
849,Youtube,10100000.0,India
850,Youtube,10100000.0,Russia
851,Youtube,10100000.0,Mexico
852,Youtube,10100000.0,India
853,Youtube,10100000.0,India
854,Youtube,10100000.0,Varios
855,Youtube,10100000.0,Brazil
856,Youtube,10100000.0,India
857,Youtube,10000000.0,Varios
858,Youtube,10000000.0,India
859,Youtube,10000000.0,Varios
860,Youtube,10000000.0,United States
861,Youtube,10000000.0,United States
862,Youtube,9900000.0,United States
863,Youtube,9900000.0,United States
864,Youtube,9900000.0,United States
865,Youtube,9900000.0,Brazil
866,Youtube,9900000.0,Varios
867,Youtube,9900000.0,Mexico
868,Youtube,9900000.0,India
869,Youtube,9900000.0,Saudi Arabia
870,Youtube,9900000.0,United States
871,Youtube,9900000.0,United States
872,Youtube,9900000.0,United States
873,Youtube,9900000.0,India
874,Youtube,9900000.0,Varios
875,Youtube,9900000.0,United States
876,Youtube,9900000.0,India
877,Youtube,9900000.0,India
878,Youtube,9800000.0,India
879,Youtube,9800000.0,United States
880,Youtube,9800000.0,India
881,Youtube,9800000.0,India
882,Youtube,9800000.0,United States
883,Youtube,9800000.0,United States
884,Youtube,9800000.0,Brazil
885,Youtube,9800000.0,Brazil
886,Youtube,9800000.0,United States
887,Youtube,9800000.0,Russia
888,Youtube,9800000.0,Philippines
889,Youtube,9800000.0,Brazil
890,Youtube,9800000.0,United States
891,Youtube,9800000.0,Russia
892,Youtube,9800000.0,United States
893,Youtube,9800000.0,Varios
894,Youtube,9700000.0,Varios
895,Youtube,9700000.0,United States
896,Youtube,9700000.0,Egypt
897,Youtube,9700000.0,United States
898,Youtube,9700000.0,Indonesia
899,Youtube,9700000.0,Russia
900,Youtube,9700000.0,Indonesia
901,Youtube,9700000.0,Varios
902,Youtube,9700000.0,Iraq
903,Youtube,9700000.0,India
904,Youtube,9700000.0,Brazil
905,Youtube,9700000.0,Varios
906,Youtube,9700000.0,Thailand
907,Youtube,9700000.0,United States
908,Youtube,9700000.0,Russia
909,Youtube,9700000.0,India
910,Youtube,9600000.0,United States
911,Youtube,9600000.0,Mexico
912,Youtube,9600000.0,Turkey
913,Youtube,9600000.0,Varios
914,Youtube,9600000.0,United States
915,Youtube,9600000.0,Varios
916,Youtube,9600000.0,Varios
917,Youtube,9600000.0,United States
918,Youtube,9600000.0,India
919,Youtube,9600000.0,Brazil
920,Youtube,9600000.0,India
921,Youtube,9600000.0,India
922,Youtube,9600000.0,United States
923,Youtube,9600000.0,Mexico
924,Youtube,9600000.0,Brazil
925,Youtube,9600000.0,United States
926,Youtube,9600000.0,India
927,Youtube,9600000.0,Brazil
928,Youtube,9500000.0,Mexico
929,Youtube,9500000.0,Mexico
930,Youtube,9500000.0,United States
931,Youtube,9500000.0,India
932,Youtube,9500000.0,United States
933,Youtube,9500000.0,Varios
934,Youtube,9500000.0,United States
935,Youtube,9500000.0,Philippines
936,Youtube,9500000.0,Brazil
937,Youtube,9500000.0,United States
938,Youtube,9500000.0,United States
939,Youtube,9500000.0,Iraq
940,Youtube,9500000.0,United States
941,Youtube,9500000.0,India
942,Youtube,9500000.0,United States
943,Youtube,9500000.0,India
944,Youtube,9500000.0,Indonesia
945,Youtube,9500000.0,Brazil
946,Youtube,9500000.0,Colombia
947,Youtube,9400000.0,Brazil
948,Youtube,9400000.0,United States
949,Youtube,9400000.0,India
950,Youtube,9400000.0,India
951,Youtube,9400000.0,Varios
952,Youtube,9400000.0,United States
953,Youtube,9400000.0,United States
954,Youtube,9400000.0,United States
955,Youtube,9400000.0,Brazil
956,Youtube,9400000.0,United States
957,Youtube,9400000.0,India
958,Youtube,9400000.0,India
959,Youtube,9400000.0,United States
960,Youtube,9400000.0,United States
961,Youtube,9400000.0,Colombia
962,Youtube,9400000.0,Indonesia
963,Youtube,9400000.0,Varios
964,Youtube,9400000.0,Varios
965,Youtube,9300000.0,Indonesia
966,Youtube,9300000.0,United States
967,Youtube,9300000.0,Varios
968,Youtube,9300000.0,India
969,Youtube,9300000.0,Russia
970,Youtube,9300000.0,Russia
971,Youtube,9300000.0,Varios
972,Youtube,9300000.0,Thailand
973,Youtube,9300000.0,India
974,Youtube,9300000.0,Indonesia
975,Youtube,9300000.0,Brazil
976,Youtube,9300000.0,United States
977,Youtube,9300000.0,India
978,Youtube,9300000.0,Varios
979,Youtube,9300000.0,Mexico
980,Youtube,9300000.0,Iraq
981,Youtube,9300000.0,United States
982,Youtube,9300000.0,United States
983,Youtube,9300000.0,Mexico
984,Youtube,9300000.0,United States
985,Youtube,9200000.0,Indonesia
986,Youtube,9200000.0,United States
987,Youtube,9200000.0,United States
988,Youtube,9200000.0,India
989,Youtube,9200000.0,United States
990,Youtube,9200000.0,United States
991,Youtube,9200000.0,India
992,Youtube,9200000.0,United States
993,Youtube,9200000.0,Varios
994,Youtube,9200000.0,United States
995,Youtube,9200000.0,Brazil
996,Youtube,9200000.0,Brazil
997,Youtube,9200000.0,United States
998,Youtube,9200000.0,India
999,Youtube,9200000.0,Brazil
0,Instagram,48500000.0,Spain
1,Instagram,12700000.0,Indonesia
2,Instagram,18800000.0,Russia
3,Instagram,13500000.0,Indonesia
4,Instagram,11100000.0,Indonesia
5,Instagram,7900000.0,Brazil
6,Instagram,25000000.0,Poland
7,Instagram,3000000.0,South Korea
8,Instagram,4900000.0,Indonesia
9,Instagram,4100000.0,South Korea
10,Instagram,13200000.0,United States
11,Instagram,6500000.0,Thailand
12,Instagram,19800000.0,Spain
13,Instagram,27900000.0,United States
14,Instagram,58300000.0,Indonesia
15,Instagram,17200000.0,India
16,Instagram,7200000.0,Iraq
17,Instagram,8800000.0,Morocco
18,Instagram,28900000.0,Indonesia
19,Instagram,8199999.999999999,India
20,Instagram,4100000.0,India
21,Instagram,13600000.0,Turkey
22,Instagram,12700000.0,United States
23,Instagram,40500000.0,United States
24,Instagram,49700000.0,United States
25,Instagram,34200000.0,United States
26,Instagram,2600000.0,United States
27,Instagram,8300000.000000001,Indonesia
28,Instagram,31500000.0,Varios
29,Instagram,10000000.0,India
30,Instagram,12000000.0,Mexico
31,Instagram,61100000.0,India
32,Instagram,5100000.0,Mexico
33,Instagram,8300000.000000001,Brazil
34,Instagram,10800000.0,United States
35,Instagram,22400000.0,India
36,Instagram,13400000.0,Chile
37,Instagram,15800000.0,United States
38,Instagram,21100000.0,Brazil
39,Instagram,61800000.0,India
40,Instagram,8000000.0,Iran
41,Instagram,9100000.0,Iran
42,Instagram,6800000.0,Brazil
43,Instagram,17600000.0,India
44,Instagram,27000000.0,Brazil
45,Instagram,16200000.0,Italy
46,Instagram,12400000.0,India
47,Instagram,9200000.0,Brazil
48,Instagram,5600000.0,India
49,Instagram,8100000.0,Mexico
50,Instagram,24100000.0,India
51,Instagram,15200000.0,Indonesia
52,Instagram,4900000.0,Mexico
53,Instagram,6700000.0,United States
54,Instagram,30000000.0,India
55,Instagram,6300000.0,Brazil
56,Instagram,6100000.0,United States
57,Instagram,21900000.0,India
58,Instagram,5500000.0,Iraq
59,Instagram,7700000.0,Colombia
60,Instagram,39000000.0,Spain
61,Instagram,8199999.999999999,Mexico
62,Instagram,16300000.0,Argentina
63,Instagram,12600000.0,Brazil
64,Instagram,12600000.0,Brazil
65,Instagram,13900000.0,Brazil
66,Instagram,14900000.0,India
67,Instagram,8300000.000000001,United States
68,Instagram,61100000.0,Brazil
69,Instagram,11100000.0,India
70,Instagram,20300000.0,United States
71,Instagram,17800000.0,Philippines
72,Instagram,22600000.0,United States
73,Instagram,9200000.0,India
74,Instagram,8000000.0,Spain
75,Instagram,13600000.0,United Kingdom
76,Instagram,35500000.0,Spain
77,Instagram,19000000.0,Argentina
78,Instagram,27900000.0,Spain
79,Instagram,11400000.0,India
80,Instagram,34500000.0,India
81,Instagram,57500000.0,India
82,Instagram,10700000.0,Indonesia
83,Instagram,8800000.0,United States
84,Instagram,8500000.0,United States
85,Instagram,27400000.0,India
86,Instagram,13000000.0,Turkey
87,Instagram,302300000.0,United States
88,Instagram,9700000.0,Mexico
89,Instagram,28000000.0,India
90,Instagram,9500000.0,Iran
91,Instagram,13900000.0,Brazil
92,Instagram,21500000.0,United Kingdom
93,Instagram,12700000.0,Brazil
94,Instagram,6600000.0,Iraq
95,Instagram,14600000.0,United States
96,Instagram,13300000.0,India
97,Instagram,22400000.0,Brazil
98,Instagram,17200000.0,United States
99,Instagram,21400000.0,India
100,Instagram,6300000.0,United States
101,Instagram,23100000.0,Indonesia
102,Instagram,12000000.0,United Kingdom
103,Instagram,14100000.0,Thailand
104,Instagram,25300000.0,Indonesia
105,Instagram,18800000.0,United States
106,Instagram,30500000.0,India
107,Instagram,10700000.0,Brazil
108,Instagram,17800000.0,India
109,Instagram,6800000.0,Turkey
110,Instagram,38500000.0,United States
111,Instagram,125100000.0,United States
112,Instagram,10400000.0,Indonesia
113,Instagram,16000000.0,Brazil
114,Instagram,35400000.0,United States
115,Instagram,6100000.0,United States
116,Instagram,13500000.0,Indonesia
117,Instagram,20200000.0,Indonesia
118,Instagram,10800000.0,India
119,Instagram,7100000.0,Indonesia
120,Instagram,50700000.0,India
121,Instagram,14900000.0,Mexico
122,Instagram,50600000.0,United States
123,Instagram,14300000.0,United States
124,Instagram,25200000.0,United States
125,Instagram,16800000.0,Philippines
126,Instagram,246900000.0,United States
127,Instagram,16399999.999999998,United States
128,Instagram,14200000.0,India
129,Instagram,17700000.0,Brazil
130,Instagram,7800000.0,Germany
131,Instagram,13000000.0,Indonesia
132,Instagram,14600000.0,United States
133,Instagram,101700000.0,United States
134,Instagram,11500000.0,Argentina
135,Instagram,46200000.0,Indonesia
136,Instagram,32000000.0,United States
137,Instagram,18400000.0,United States
138,Instagram,13400000.0,Philippines
139,Instagram,33100000.0,India
140,Instagram,21400000.0,Indonesia
141,Instagram,3400000.0,Indonesia
142,Instagram,18200000.0,Russia
143,Instagram,23700000.0,Indonesia
144,Instagram,22100000.0,United States
145,Instagram,18300000.0,United States
146,Instagram,11900000.0,United States
147,Instagram,12600000.0,Mexico
148,Instagram,5800000.0,Russia
149,Instagram,40200000.0,United States
150,Instagram,42600000.0,Brazil
151,Instagram,24900000.0,Brazil
152,Instagram,7500000.0,United States
153,Instagram,61700000.0,Indonesia
154,Instagram,16100000.000000002,United States
155,Instagram,9000000.0,Indonesia
156,Instagram,20500000.0,Turkey
157,Instagram,9000000.0,Turkey
158,Instagram,9400000.0,Brazil
159,Instagram,18600000.0,United States
160,Instagram,23000000.0,United States
161,Instagram,60900000.0,Brazil
162,Instagram,17600000.0,Brazil
163,Instagram,10800000.0,Brazil
164,Instagram,26400000.0,Argentina
165,Instagram,26800000.0,Brazil
166,Instagram,12800000.0,Mexico
167,Instagram,9300000.0,Italy
168,Instagram,43300000.0,United States
169,Instagram,24800000.0,Brazil
170,Instagram,15000000.0,India
171,Instagram,14000000.0,Spain
172,Instagram,13300000.0,Russia
173,Instagram,9800000.0,Argentina
174,Instagram,6600000.0,United States
175,Instagram,8900000.0,United States
176,Instagram,9800000.0,Brazil
177,Instagram,91400000.0,Brazil
178,Instagram,17000000.0,United States
179,Instagram,6600000.0,Italy
180,Instagram,47700000.0,United States
181,Instagram,15700000.0,United States
182,Instagram,33200000.000000004,Indonesia
183,Instagram,26700000.0,Italy
184,Instagram,20100000.0,United States
185,Instagram,13600000.0,Indonesia
186,Instagram,17000000.0,Brazil
187,Instagram,106000000.0,United States
188,Instagram,14800000.0,United States
189,Instagram,54000000.0,India
190,Instagram,37400000.0,United States
191,Instagram,31300000.0,United States
192,Instagram,3200000.0,Mexico
193,Instagram,7400000.0,United States
194,Instagram,6400000.0,Brazil
195,Instagram,5500000.0,Indonesia
196,Instagram,17800000.0,Brazil
197,Instagram,15400000.0,Brazil
198,Instagram,5000000.0,United States
199,Instagram,36000000.0,United States
200,Instagram,7500000.0,United States
201,Instagram,5700000.0,Brazil
202,Instagram,12100000.0,India
203,Instagram,419600000.0,India
204,Instagram,19200000.0,Colombia
205,Instagram,32900000.0,Turkey
206,Instagram,4300000.0,Indonesia
207,Instagram,12900000.0,United Kingdom
208,Instagram,44900000.0,Argentina
209,Instagram,20600000.0,Indonesia
210,Instagram,32800000.0,India
211,Instagram,35700000.0,Brazil
212,Instagram,4800000.0,Indonesia
213,Instagram,6600000.0,United States
214,Instagram,33500000.0,Mexico
215,Instagram,16800000.0,United States
216,Instagram,14800000.0,India
217,Instagram,13700000.0,Russia
218,Instagram,8500000.0,Spain
219,Instagram,71900000.0,India
220,Instagram,21200000.0,Brazil
221,Instagram,23300000.0,Nigeria
222,Instagram,9100000.0,India
223,Instagram,15900000.0,Thailand
224,Instagram,5100000.0,United States
225,Instagram,128700000.0,United States
226,Instagram,10100000.0,India
227,Instagram,6000000.0,United States
228,Instagram,16700000.0,United States
229,Instagram,65500000.0,India
230,Instagram,10800000.0,Brazil
231,Instagram,15000000.0,Turkey
232,Instagram,19200000.0,United States
233,Instagram,4500000.0,Indonesia
234,Instagram,4200000.0,India
235,Instagram,18400000.0,United States
236,Instagram,12900000.0,India
237,Instagram,13900000.0,Indonesia
238,Instagram,49600000.0,India
239,Instagram,18900000.0,India
240,Instagram,25100000.0,United States
241,Instagram,10400000.0,Serbia
242,Instagram,9100000.0,India
243,Instagram,6600000.0,Indonesia
244,Instagram,6200000.0,United States
245,Instagram,25800000.0,South Korea
246,Instagram,5900000.0,Indonesia
247,Instagram,9800000.0,Indonesia
248,Instagram,22400000.0,United States
249,Instagram,17200000.0,Mexico
250,Instagram,3700000.0,United States
251,Instagram,14700000.0,Iran
252,Instagram,46400000.0,United States
253,Instagram,10200000.0,India
254,Instagram,13200000.0,Brazil
255,Instagram,3200000.0,United States
256,Instagram,81600000.0,Mexico
257,Instagram,8100000.0,United States
258,Instagram,13500000.0,Varios
259,Instagram,9000000.0,Argentina
260,Instagram,7300000.0,United States
261,Instagram,9300000.0,United States
262,Instagram,11000000.0,Brazil
263,Instagram,22700000.0,United States
264,Instagram,25800000.0,Spain
265,Instagram,10300000.0,Iran
266,Instagram,18100000.0,Mexico
267,Instagram,14700000.0,Russia
268,Instagram,9500000.0,Albania
269,Instagram,8300000.000000001,Turkey
270,Instagram,29600000.0,Brazil
271,Instagram,10000000.0,Brazil
272,Instagram,9500000.0,Iran
273,Instagram,12700000.0,Mexico
274,Instagram,16200000.0,Mexico
275,Instagram,27000000.0,India
276,Instagram,4900000.0,Argentina
277,Instagram,35600000.0,Iran
278,Instagram,15300000.0,United States
279,Instagram,17700000.0,United States
280,Instagram,29000000.0,United States
281,Instagram,9600000.0,Indonesia
282,Instagram,14800000.0,Brazil
283,Instagram,6700000.0,India
284,Instagram,29000000.0,Russia
285,Instagram,27400000.0,Indonesia
286,Instagram,7900000.0,United States
287,Instagram,19800000.0,Argentina
288,Instagram,12800000.0,Turkey
289,Instagram,4200000.0,Indonesia
290,Instagram,18300000.0,Italy
291,Instagram,6400000.0,Italy
292,Instagram,7000000.0,Indonesia
293,Instagram,14000000.0,United Arab Emirates
294,Instagram,107100000.0,Indonesia
295,Instagram,31800000.0,Germany
296,Instagram,13700000.0,Italy
297,Instagram,12400000.0,United States
298,Instagram,21000000.0,Indonesia
299,Instagram,15400000.0,Brazil
300,Instagram,25500000.0,India
301,Instagram,7200000.0,United States
302,Instagram,3600000.0,Indonesia
303,Instagram,26100000.0,United States
304,Instagram,10600000.0,India
305,Instagram,15200000.0,Brazil
306,Instagram,24500000.0,United States
307,Instagram,10000000.0,Spain
308,Instagram,16600000.000000002,United States
309,Instagram,10300000.0,Indonesia
310,Instagram,9600000.0,Brazil
311,Instagram,77000000.0,United States
312,Instagram,11100000.0,Turkey
313,Instagram,46300000.0,Spain
314,Instagram,13600000.0,Brazil
315,Instagram,9600000.0,India
316,Instagram,3100000.0,United States
317,Instagram,36500000.0,India
318,Instagram,19300000.0,Brazil
319,Instagram,5100000.0,Indonesia
320,Instagram,22200000.0,Brazil
321,Instagram,12300000.0,United States
322,Instagram,73200000.0,United States
323,Instagram,15000000.0,Brazil
324,Instagram,13900000.0,India
325,Instagram,28000000.0,Brazil
326,Instagram,18900000.0,Brazil
327,Instagram,11500000.0,Russia
328,Instagram,12600000.0,Iran
329,Instagram,7800000.0,Brazil
330,Instagram,20400000.0,Colombia
331,Instagram,7100000.0,Spain
332,Instagram,47900000.0,United States
333,Instagram,31500000.0,India
334,Instagram,21000000.0,Russia
335,Instagram,42900000.0,Brazil
336,Instagram,13700000.0,Turkey
337,Instagram,2700000.0,Varios
338,Instagram,18200000.0,United States
339,Instagram,42200000.0,United States
340,Instagram,17600000.0,Russia
341,Instagram,27300000.0,Turkey
342,Instagram,21000000.0,United States
343,Instagram,20600000.0,India
344,Instagram,12300000.0,United Kingdom
345,Instagram,43300000.0,Brazil
346,Instagram,18700000.0,Iran
347,Instagram,18800000.0,India
348,Instagram,10500000.0,Russia
349,Instagram,19700000.0,Brazil
350,Instagram,13500000.0,Indonesia
351,Instagram,12900000.0,South Korea
352,Instagram,8800000.0,Indonesia
353,Instagram,11900000.0,Indonesia
354,Instagram,7400000.0,United States
355,Instagram,20600000.0,United States
356,Instagram,6000000.0,Brazil
357,Instagram,9700000.0,Indonesia
358,Instagram,23700000.0,South Korea
359,Instagram,32700000.000000004,United States
360,Instagram,41900000.0,India
361,Instagram,5500000.0,United States
362,Instagram,11900000.0,Brazil
363,Instagram,11800000.0,United States
364,Instagram,7100000.0,United States
365,Instagram,7000000.0,South Korea
366,Instagram,17600000.0,South Korea
367,Instagram,6000000.0,Morocco
368,Instagram,11300000.0,Indonesia
369,Instagram,6000000.0,United States
370,Instagram,5900000.0,India
371,Instagram,31200000.0,Mexico
372,Instagram,127200000.0,United States
373,Instagram,8800000.0,Mexico
374,Instagram,28900000.0,United States
375,Instagram,12900000.0,Brazil
376,Instagram,6100000.0,Brazil
377,Instagram,28600000.0,India
378,Instagram,52900000.0,Italy
379,Instagram,22500000.0,United States
380,Instagram,6800000.0,Spain
381,Instagram,14100000.0,India
382,Instagram,6000000.0,Indonesia
383,Instagram,22600000.0,India
384,Instagram,9000000.0,United States
385,Instagram,23900000.0,India
386,Instagram,4000000.0,United States
387,Instagram,29400000.0,Indonesia
388,Instagram,487200000.0,India
389,Instagram,13400000.0,Indonesia
390,Instagram,17900000.0,Russia
391,Instagram,23300000.0,Spain
392,Instagram,27800000.0,Brazil
393,Instagram,5300000.0,Mexico
394,Instagram,8199999.999999999,United States
395,Instagram,15800000.0,Indonesia
396,Instagram,32700000.000000004,Varios
397,Instagram,5100000.0,United States
398,Instagram,7700000.0,United States
399,Instagram,27300000.0,China
400,Instagram,13200000.0,Brazil
401,Instagram,59300000.0,India
402,Instagram,19400000.0,Brazil
403,Instagram,14100000.0,United States
404,Instagram,14500000.0,Brazil
405,Instagram,19500000.0,Brazil
406,Instagram,19200000.0,United States
407,Instagram,23300000.0,United States
408,Instagram,49100000.0,Colombia
409,Instagram,5900000.0,United States
410,Instagram,16100000.000000002,India
411,Instagram,41200000.0,India
412,Instagram,9500000.0,India
413,Instagram,6600000.0,Brazil
414,Instagram,7000000.0,United States
415,Instagram,51900000.0,Mexico
416,Instagram,7400000.0,United States
417,Instagram,64800000.0,Indonesia
418,Instagram,12500000.0,United States
419,Instagram,40100000.0,Brazil
420,Instagram,12300000.0,India
421,Instagram,5500000.0,Colombia
422,Instagram,9100000.0,United States
423,Instagram,17200000.0,United States
424,Instagram,6500000.0,Indonesia
425,Instagram,9500000.0,United Kingdom
426,Instagram,9700000.0,United States
427,Instagram,6000000.0,Indonesia
428,Instagram,11700000.0,United States
429,Instagram,14000000.0,United States
430,Instagram,19200000.0,Indonesia
431,Instagram,21300000.0,United States
432,Instagram,32000000.0,United States
433,Instagram,8500000.0,Indonesia
434,Instagram,9300000.0,Indonesia
435,Instagram,200800000.0,United States
436,Instagram,10800000.0,Brazil
437,Instagram,15500000.0,Brazil
438,Instagram,19100000.0,Brazil
439,Instagram,8100000.0,Indonesia
440,Instagram,21700000.0,Brazil
441,Instagram,45800000.0,Indonesia
442,Instagram,22200000.0,Indonesia
443,Instagram,14100000.0,Spain
444,Instagram,9700000.0,Brazil
445,Instagram,4000000.0,Varios
446,Instagram,5800000.0,United States
447,Instagram,3500000.0,Colombia
448,Instagram,21500000.0,Mexico
449,Instagram,28600000.0,Mexico
450,Instagram,4700000.0,Mexico
451,Instagram,12200000.0,United States
452,Instagram,9100000.0,Mexico
453,Instagram,9700000.0,United States
454,Instagram,30200000.0,Brazil
455,Instagram,33700000.0,Brazil
456,Instagram,9900000.0,Brazil
457,Instagram,35800000.0,Varios
458,Instagram,227000000.0,India
459,Instagram,227400000.0,India
460,Instagram,64200000.0,United States
461,Instagram,52900000.0,India
462,Instagram,5200000.0,Indonesia
463,Instagram,68900000.0,France
464,Instagram,21700000.0,India
465,Instagram,17900000.0,Brazil
466,Instagram,3700000.0,United States
467,Instagram,39800000.0,India
468,Instagram,8900000.0,India
469,Instagram,47400000.0,France
470,Instagram,4000000.0,United States
471,Instagram,50800000.0,Mexico
472,Instagram,23800000.0,India
473,Instagram,25700000.0,India
474,Instagram,62900000.0,India
475,Instagram,156600000.0,Brazil
476,Instagram,7200000.0,Morocco
477,Instagram,7300000.0,United States
478,Instagram,12500000.0,India
479,Instagram,13700000.0,United States
480,Instagram,227400000.0,United States
481,Instagram,12600000.0,Mexico
482,Instagram,4900000.0,Japan
483,Instagram,14800000.0,United States
484,Instagram,16800000.0,United Kingdom
485,Instagram,140200000.0,United States
486,Instagram,10100000.0,Mexico
487,Instagram,33300000.0,Russia
488,Instagram,73900000.0,Iran
489,Instagram,230200000.0,United States
490,Instagram,22100000.0,India
491,Instagram,8100000.0,Brazil
492,Instagram,33900000.0,Mexico
493,Instagram,9700000.0,Indonesia
494,Instagram,296400000.0,United States
495,Instagram,11600000.0,Mexico
496,Instagram,16700000.0,Italy
497,Instagram,22100000.0,United States
498,Instagram,116600000.0,United States
499,Instagram,8700000.0,United States
500,Instagram,4200000.0,Philippines
501,Instagram,19000000.0,United States
502,Instagram,8199999.999999999,United States
503,Instagram,11600000.0,United States
504,Instagram,166400000.0,United States
505,Instagram,46600000.0,United States
506,Instagram,47300000.0,India
507,Instagram,11200000.0,United Kingdom
508,Instagram,6500000.0,Indonesia
509,Instagram,22400000.0,Argentina
510,Instagram,323300000.0,United States
511,Instagram,12900000.0,Indonesia
512,Instagram,16200000.0,United States
513,Instagram,6300000.0,Brazil
514,Instagram,8199999.999999999,Colombia
515,Instagram,11800000.0,United States
516,Instagram,6800000.0,Mexico
517,Instagram,51900000.0,United States
518,Instagram,19300000.0,United States
519,Instagram,75700000.0,Indonesia
520,Instagram,31600000.0,India
521,Instagram,10900000.0,Brazil
522,Instagram,16800000.0,Brazil
523,Instagram,44800000.0,Brazil
524,Instagram,6700000.0,United States
525,Instagram,9700000.0,United States
526,Instagram,5500000.0,Indonesia
527,Instagram,11700000.0,India
528,Instagram,14100000.0,Indonesia
529,Instagram,8100000.0,South Korea
530,Instagram,8500000.0,Brazil
531,Instagram,47700000.0,Mexico
532,Instagram,315400000.0,Argentina
533,Instagram,52800000.0,United States
534,Instagram,10500000.0,Russia
535,Instagram,24900000.0,Indonesia
536,Instagram,26500000.0,United States
537,Instagram,27500000.0,Brazil
538,Instagram,8400000.0,United States
539,Instagram,24100000.0,United States
540,Instagram,18800000.0,United States
541,Instagram,13000000.0,United States
542,Instagram,29000000.0,Brazil
543,Instagram,12200000.0,United States
544,Instagram,15800000.0,United States
545,Instagram,26900000.0,United States
546,Instagram,9200000.0,Colombia
547,Instagram,8500000.0,India
548,Instagram,7200000.0,Argentina
549,Instagram,11100000.0,Brazil
550,Instagram,15400000.0,Brazil
551,Instagram,36700000.0,United Kingdom
552,Instagram,19600000.0,United States
553,Instagram,16900000.0,Philippines
554,Instagram,13900000.0,Mexico
555,Instagram,12100000.0,United States
556,Instagram,22500000.0,United States
557,Instagram,5700000.0,Varios
558,Instagram,22500000.0,United States
559,Instagram,9200000.0,Brazil
560,Instagram,10400000.0,Brazil
561,Instagram,18200000.0,Brazil
562,Instagram,47700000.0,Brazil
563,Instagram,5800000.0,Brazil
564,Instagram,19200000.0,Brazil
565,Instagram,24300000.0,United States
566,Instagram,26500000.0,Brazil
567,Instagram,16900000.0,Colombia
568,Instagram,28200000.0,Brazil
569,Instagram,31700000.0,Mexico
570,Instagram,43000000.0,Brazil
571,Instagram,21600000.0,Spain
572,Instagram,10300000.0,Mexico
573,Instagram,9500000.0,Brazil
574,Instagram,8600000.0,United States
575,Instagram,7900000.0,Indonesia
576,Instagram,24000000.0,Turkey
577,Instagram,9600000.0,United States
578,Instagram,13900000.0,United States
579,Instagram,25300000.0,Russia
580,Instagram,12400000.0,United States
581,Instagram,30600000.0,India
582,Instagram,6700000.0,United States
583,Instagram,30600000.0,United States
584,Instagram,15700000.0,Iran
585,Instagram,42000000.0,Brazil
586,Instagram,61600000.0,Italy
587,Instagram,11200000.0,United States
588,Instagram,56500000.0,United Kingdom
589,Instagram,14100000.0,Mexico
590,Instagram,6000000.0,Italy
591,Instagram,9900000.0,Mexico
592,Instagram,53000000.0,Spain
593,Instagram,6600000.0,Indonesia
594,Instagram,13600000.0,Spain
595,Instagram,12700000.0,United Kingdom
596,Instagram,6800000.0,Brazil
597,Instagram,8600000.0,Argentina
598,Instagram,12000000.0,Spain
599,Instagram,19900000.0,Brazil
600,Instagram,39800000.0,Brazil
601,Instagram,9800000.0,United States
602,Instagram,20500000.0,Brazil
603,Instagram,12100000.0,Thailand
604,Instagram,29200000.0,India
605,Instagram,15600000.0,Mexico
606,Instagram,62700000.0,United States
607,Instagram,36100000.0,India
608,Instagram,10300000.0,United States
609,Instagram,6100000.0,Brazil
610,Instagram,4800000.0,United States
611,Instagram,15400000.0,Indonesia
612,Instagram,8199999.999999999,United States
613,Instagram,19900000.0,United States
614,Instagram,4700000.0,Iran
615,Instagram,11100000.0,Indonesia
616,Instagram,11500000.0,Brazil
617,Instagram,8300000.000000001,United States
618,Instagram,23700000.0,United States
619,Instagram,14200000.0,France
620,Instagram,35300000.0,Iran
621,Instagram,27700000.0,India
622,Instagram,18400000.0,United States
623,Instagram,5800000.0,United States
624,Instagram,49100000.0,United States
625,Instagram,7000000.0,Spain
626,Instagram,14200000.0,Brazil
627,Instagram,18100000.0,United States
628,Instagram,14600000.0,Russia
629,Instagram,5600000.0,Iran
630,Instagram,163800000.0,United States
631,Instagram,48200000.0,Brazil
632,Instagram,4300000.0,United Kingdom
633,Instagram,6000000.0,Indonesia
634,Instagram,3300000.0,Indonesia
635,Instagram,9800000.0,Brazil
636,Instagram,26600000.0,Brazil
637,Instagram,4600000.0,Mexico
638,Instagram,4400000.0,Indonesia
639,Instagram,20100000.0,Egypt
640,Instagram,14900000.0,India
641,Instagram,11400000.0,Mexico
642,Instagram,49000000.0,Egypt
643,Instagram,26900000.0,India
644,Instagram,18000000.0,United States
645,Instagram,17200000.0,United States
646,Instagram,13300000.0,Spain
647,Instagram,9400000.0,Spain
648,Instagram,8800000.0,Indonesia
649,Instagram,7200000.0,France
650,Instagram,9400000.0,Russia
651,Instagram,11100000.0,Philippines
652,Instagram,5000000.0,United States
653,Instagram,4800000.0,India
654,Instagram,32400000.0,Iraq
655,Instagram,66500000.0,India
656,Instagram,8400000.0,Syria
657,Instagram,75300000.0,India
658,Instagram,6900000.0,United States
659,Instagram,37500000.0,Indonesia
660,Instagram,214600000.0,United States
661,Instagram,45400000.0,United States
662,Instagram,35400000.0,Mexico
663,Instagram,8199999.999999999,Iran
664,Instagram,5500000.0,India
665,Instagram,65800000.0,United States
666,Instagram,17000000.0,Brazil
667,Instagram,13600000.0,Indonesia
668,Instagram,9200000.0,Indonesia
669,Instagram,13700000.0,Indonesia
670,Instagram,68500000.0,India
671,Instagram,13900000.0,India
672,Instagram,13000000.0,Turkey
673,Instagram,6600000.0,United States
674,Instagram,29500000.0,Brazil
675,Instagram,29900000.0,Brazil
676,Instagram,172000000.0,Brazil
677,Instagram,29400000.0,United States
678,Instagram,14000000.0,Indonesia
679,Instagram,11500000.0,Argentina
680,Instagram,181600000.0,United States
681,Instagram,32300000.0,United States
682,Instagram,42700000.0,Colombia
683,Instagram,5300000.0,Mexico
684,Instagram,208900000.0,United States
685,Instagram,44300000.0,Brazil
686,Instagram,9100000.0,United States
687,Instagram,15600000.0,United States
688,Instagram,25500000.0,Brazil
689,Instagram,10300000.0,India
690,Instagram,9000000.0,United States
691,Instagram,20100000.0,Brazil
692,Instagram,13200000.0,Varios
693,Instagram,13200000.0,Varios
694,Instagram,8400000.0,Mexico
695,Instagram,7400000.0,United States
696,Instagram,12600000.0,Iraq
697,Instagram,38600000.0,India
698,Instagram,7000000.0,United States
699,Instagram,43500000.0,Turkey
700,Instagram,10300000.0,Spain
701,Instagram,15800000.0,United States
702,Instagram,5400000.0,United States
703,Instagram,14800000.0,United States
704,Instagram,19700000.0,United States
705,Instagram,22900000.0,India
706,Instagram,5100000.0,United States
707,Instagram,8300000.000000001,Indonesia
708,Instagram,22900000.0,Indonesia
709,Instagram,22200000.0,Spain
710,Instagram,3300000.0,Varios
711,Instagram,33600000.0,Brazil
712,Instagram,35200000.0,India
713,Instagram,45800000.0,Argentina
714,Instagram,12600000.0,Argentina
715,Instagram,52800000.0,Brazil
716,Instagram,14600000.0,India
717,Instagram,12200000.0,Brazil
718,Instagram,25500000.0,Brazil
719,Instagram,14500000.0,Brazil
720,Instagram,7600000.0,Iran
721,Instagram,21900000.0,United States
722,Instagram,19700000.0,United States
723,Instagram,13500000.0,United States
724,Instagram,24500000.0,Brazil
725,Instagram,8199999.999999999,United States
726,Instagram,9500000.0,Indonesia
727,Instagram,8000000.0,United States
728,Instagram,28900000.0,United States
729,Instagram,6000000.0,United States
730,Instagram,7300000.0,Russia
731,Instagram,10200000.0,United States
732,Instagram,4000000.0,Iran
733,Instagram,26400000.0,United States
734,Instagram,22300000.0,United States
735,Instagram,35500000.0,United States
736,Instagram,55400000.0,United Kingdom
737,Instagram,16800000.0,United States
738,Instagram,46600000.0,Indonesia
739,Instagram,75700000.0,India
740,Instagram,58000000.0,Brazil
741,Instagram,31600000.0,United States
742,Instagram,10000000.0,Russia
743,Instagram,3200000.0,United States
744,Instagram,20800000.0,United States
745,Instagram,8100000.0,India
746,Instagram,9700000.0,Indonesia
747,Instagram,6700000.0,Indonesia
748,Instagram,14000000.0,Spain
749,Instagram,8600000.0,Brazil
750,Instagram,22800000.0,Brazil
751,Instagram,60600000.0,Indonesia
752,Instagram,11900000.0,India
753,Instagram,30400000.0,Indonesia
754,Instagram,19200000.0,India
755,Instagram,38900000.0,India
756,Instagram,18400000.0,Spain
757,Instagram,30000000.0,India
758,Instagram,5900000.0,India
759,Instagram,13700000.0,Spain
760,Instagram,17500000.0,Russia
761,Instagram,16700000.0,India
762,Instagram,113000000.0,Spain
763,Instagram,7600000.0,Iran
764,Instagram,20100000.0,Indonesia
765,Instagram,11400000.0,Indonesia
766,Instagram,27600000.0,United States
767,Instagram,5500000.0,Brazil
768,Instagram,9900000.0,Indonesia
769,Instagram,8700000.0,Colombia
770,Instagram,7000000.0,Turkey
771,Instagram,11700000.0,Iran
772,Instagram,30300000.0,Indonesia
773,Instagram,16700000.0,Argentina
774,Instagram,6100000.0,India
775,Instagram,13800000.0,India
776,Instagram,8500000.0,Algeria
777,Instagram,26100000.0,India
778,Instagram,12600000.0,Indonesia
779,Instagram,12300000.0,Indonesia
780,Instagram,31300000.0,Varios
781,Instagram,51900000.0,India
782,Instagram,13200000.0,Brazil
783,Instagram,22300000.0,United States
784,Instagram,9200000.0,Spain
785,Instagram,23300000.0,India
786,Instagram,21200000.0,India
787,Instagram,6000000.0,India
788,Instagram,19000000.0,United States
789,Instagram,65099999.99999999,Brazil
790,Instagram,19500000.0,Spain
791,Instagram,57500000.0,Indonesia
792,Instagram,10000000.0,United States
793,Instagram,37900000.0,Indonesia
794,Instagram,18800000.0,United States
795,Instagram,4700000.0,Brazil
796,Instagram,27100000.0,Brazil
797,Instagram,33500000.0,India
798,Instagram,15300000.0,Brazil
799,Instagram,10400000.0,United Kingdom
800,Instagram,10700000.0,Iran
801,Instagram,5300000.0,India
802,Instagram,20900000.0,United States
803,Instagram,22900000.0,India
804,Instagram,15200000.0,Russia
805,Instagram,14600000.0,United States
806,Instagram,8300000.000000001,United Kingdom
807,Instagram,10400000.0,Indonesia
808,Instagram,39700000.0,India
809,Instagram,9100000.0,United States
810,Instagram,30800000.0,Indonesia
811,Instagram,7000000.0,United States
812,Instagram,13100000.0,United States
813,Instagram,29300000.0,Argentina
814,Instagram,308200000.0,United States
815,Instagram,49700000.0,Spain
816,Instagram,7600000.0,Iran
817,Instagram,33500000.0,India
818,Instagram,71900000.0,India
819,Instagram,67400000.0,Brazil
820,Instagram,32600000.0,United States
821,Instagram,11300000.0,India
822,Instagram,10800000.0,India
823,Instagram,70500000.0,India
824,Instagram,23700000.0,India
825,Instagram,5900000.0,India
826,Instagram,3700000.0,Indonesia
827,Instagram,6900000.0,India
828,Instagram,18700000.0,India
829,Instagram,27600000.0,Brazil
830,Instagram,33700000.0,Brazil
831,Instagram,6800000.0,Iran
832,Instagram,21100000.0,Brazil
833,Instagram,4500000.0,India
834,Instagram,17800000.0,Indonesia
835,Instagram,17500000.0,Indonesia
836,Instagram,5900000.0,India
837,Instagram,71800000.0,United States
838,Instagram,8500000.0,Colombia
839,Instagram,24800000.0,United States
840,Instagram,26700000.0,United States
841,Instagram,13900000.0,Indonesia
842,Instagram,31900000.0,India
843,Instagram,13600000.0,Mexico
844,Instagram,14100000.0,India
845,Instagram,13300000.0,Indonesia
846,Instagram,58600000.0,Indonesia
847,Instagram,6900000.0,Indonesia
848,Instagram,11600000.0,United States
849,Instagram,14900000.0,United States
850,Instagram,17500000.0,Brazil
851,Instagram,3300000.0,Indonesia
852,Instagram,8000000.0,Mexico
853,Instagram,11400000.0,Brazil
854,Instagram,13300000.0,United States
855,Instagram,30000000.0,United States
856,Instagram,13500000.0,Indonesia
857,Instagram,5100000.0,United Kingdom
858,Instagram,14900000.0,United States
859,Instagram,10800000.0,United States
860,Instagram,41100000.0,United States
861,Instagram,9700000.0,Brazil
862,Instagram,15600000.0,Brazil
863,Instagram,9000000.0,Russia
864,Instagram,7900000.0,Indonesia
865,Instagram,51500000.0,India
866,Instagram,8700000.0,India
867,Instagram,19100000.0,India
868,Instagram,11800000.0,United States
869,Instagram,14900000.0,Indonesia
870,Instagram,11600000.0,United States
871,Instagram,11900000.0,United States
872,Instagram,10300000.0,Indonesia
873,Instagram,8800000.0,Indonesia
874,Instagram,18300000.0,South Korea
875,Instagram,15600000.0,Brazil
876,Instagram,15900000.0,India
877,Instagram,22000000.0,Egypt
878,Instagram,52100000.0,Brazil
879,Instagram,18900000.0,United States
880,Instagram,204700000.0,Brazil
881,Instagram,17500000.0,United States
882,Instagram,37700000.0,United States
883,Instagram,5500000.0,India
884,Instagram,9400000.0,Indonesia
885,Instagram,14600000.0,United States
886,Instagram,6500000.0,Indonesia
887,Instagram,10300000.0,Russia
888,Instagram,14800000.0,India
889,Instagram,116800000.0,United States
890,Instagram,28200000.0,United States
891,Instagram,10100000.0,United States
892,Instagram,5100000.0,United States
893,Instagram,30300000.0,United States
894,Instagram,5900000.0,India
895,Instagram,15800000.0,United States
896,Instagram,45000000.0,United States
897,Instagram,11100000.0,Brazil
898,Instagram,7800000.0,Brazil
899,Instagram,307000000.0,India
900,Instagram,24800000.0,India
901,Instagram,37500000.0,United States
902,Instagram,18900000.0,Brazil
903,Instagram,38100000.0,Varios
904,Instagram,4300000.0,Argentina
905,Instagram,11600000.0,Indonesia
906,Instagram,33800000.0,India
907,Instagram,18000000.0,Russia
908,Instagram,17400000.0,Argentina
909,Instagram,6300000.0,Indonesia
910,Instagram,11800000.0,United States
911,Instagram,6200000.0,India
912,Instagram,3600000.0,France
913,Instagram,31900000.0,Germany
914,Instagram,44800000.0,United States
915,Instagram,6600000.0,United Kingdom
916,Instagram,12800000.0,United States
917,Instagram,12600000.0,United States
918,Instagram,6700000.0,Argentina
919,Instagram,24600000.0,Indonesia
920,Instagram,11700000.0,Indonesia
921,Instagram,32400000.0,United States
922,Instagram,5500000.0,United States
923,Instagram,32200000.000000004,South Korea
924,Instagram,11400000.0,Thailand
925,Instagram,8100000.0,India
926,Instagram,24600000.0,Brazil
927,Instagram,46400000.0,India
928,Instagram,8500000.0,Brazil
929,Instagram,13300000.0,Indonesia
930,Instagram,42400000.0,United States
931,Instagram,44800000.0,United States
932,Instagram,10600000.0,Brazil
933,Instagram,9400000.0,United States
934,Instagram,40900000.0,India
935,Instagram,5100000.0,United States
936,Instagram,13200000.0,India
937,Instagram,21800000.0,United States
938,Instagram,22900000.0,Brazil
939,Instagram,79000000.0,Brazil
940,Instagram,15800000.0,Brazil
941,Instagram,5600000.0,United States
942,Instagram,13500000.0,Italy
943,Instagram,188100000.0,India
944,Instagram,11500000.0,United Kingdom
945,Instagram,35800000.0,Brazil
946,Instagram,13100000.0,Brazil
947,Instagram,10100000.0,Indonesia
948,Instagram,22200000.0,United States
949,Instagram,9700000.0,Japan
950,Instagram,15500000.0,United Kingdom
951,Instagram,4400000.0,Indonesia
952,Instagram,57900000.0,Brazil
953,Instagram,10200000.0,South Korea
954,Instagram,3200000.0,United States
955,Instagram,10200000.0,Brazil
956,Instagram,62400000.0,United States
957,Instagram,8600000.0,Spain
958,Instagram,11700000.0,Philippines
959,Instagram,14200000.0,Nigeria
960,Instagram,6900000.0,United States
961,Instagram,6300000.0,Argentina
962,Instagram,7000000.0,Indonesia
963,Instagram,8100000.0,Spain
964,Instagram,8900000.0,Indonesia
965,Instagram,7600000.0,France
966,Instagram,4300000.0,Indonesia
967,Instagram,20600000.0,Indonesia
968,Instagram,20200000.0,United States
969,Instagram,4300000.0,Varios
970,Instagram,6100000.0,Indonesia
971,Instagram,12200000.0,Argentina
972,Instagram,15400000.0,Egypt
973,Instagram,18400000.0,Egypt
974,Instagram,8000000.0,Iran
975,Instagram,7400000.0,Varios
976,Instagram,8800000.0,Colombia
977,Instagram,6000000.0,Indonesia
978,Instagram,5200000.0,Indonesia
979,Instagram,10100000.0,Indonesia
980,Instagram,5400000.0,South Korea
981,Instagram,5100000.0,Italy
982,Instagram,13200000.0,Indonesia
983,Instagram,4900000.0,South Korea
984,Instagram,3800000.0,Indonesia
985,Instagram,10800000.0,Thailand
986,Instagram,5300000.0,United States
987,Instagram,7900000.0,Indonesia
988,Instagram,17100000.0,Mexico
989,Instagram,7500000.0,India
990,Instagram,52100000.0,United States
991,Instagram,24500000.0,Indonesia
992,Instagram,44900000.0,India
993,Instagram,23100000.0,Brazil
994,Instagram,16399999.999999998,Ukraine
995,Instagram,136100000.0,United States
996,Instagram,31200000.0,Spain
997,Instagram,13900000.0,Indonesia
998,Instagram,8199999.999999999,United States
999,Instagram,9400000.0,United Kingdom
0,TikTok,221700.0,
1,TikTok,22200000.0,
2,TikTok,2100000.0,
3,TikTok,135400000.0,
4,TikTok,11400000.0,
5,TikTok,16100000.000000002,
6,TikTok,135200000.0,
7,TikTok,6800000.0,
8,TikTok,5600000.0,
9,TikTok,2000000.0,
10,TikTok,1900000.0,
11,TikTok,16200000.0,
12,TikTok,30400000.0,
13,TikTok,7600000.0,
14,TikTok,1500000.0,
15,TikTok,17100000.0,
16,TikTok,745200.0,
17,TikTok,2000000.0,
18,TikTok,5400000.0,
19,TikTok,4600000.0,
20,TikTok,3200000.0,
21,TikTok,5200000.0,
22,TikTok,61000000.0,
23,TikTok,10300000.0,
24,TikTok,9400000.0,
25,TikTok,50700000.0,
26,TikTok,238100.0,
27,TikTok,87300000.0,
28,TikTok,1500000.0,
29,TikTok,1100000.0,
30,TikTok,3400000.0,
31,TikTok,88500000.0,
32,TikTok,10400000.0,
33,TikTok,7300000.0,
34,TikTok,10800000.0,
35,TikTok,25600000.0,
36,TikTok,34700000.0,
37,TikTok,10800000.0,
38,TikTok,26100000.0,
39,TikTok,20300000.0,
40,TikTok,7800000.0,
41,TikTok,2000000.0,
42,TikTok,10200000.0,
43,TikTok,509700.0,
44,TikTok,3900000.0,
45,TikTok,9600000.0,
46,TikTok,7300000.0,
47,TikTok,5100000.0,
48,TikTok,3300000.0,
49,TikTok,6200000.0,
50,TikTok,6200000.0,
51,TikTok,5300000.0,
52,TikTok,4000000.0,
53,TikTok,8100000.0,
54,TikTok,1600000.0,
55,TikTok,24100000.0,
56,TikTok,18300000.0,
57,TikTok,25500000.0,
58,TikTok,2800000.0,
59,TikTok,3000000.0,
60,TikTok,364600.0,
61,TikTok,2900000.0,
62,TikTok,27700000.0,
63,TikTok,67400000.0,
64,TikTok,129500.0,
65,TikTok,2700000.0,
66,TikTok,5100000.0,
67,TikTok,21100000.0,
68,TikTok,19700000.0,
69,TikTok,10100000.0,
70,TikTok,23300000.0,
71,TikTok,80200.0,
72,TikTok,2100000.0,
73,TikTok,2400000.0,
74,TikTok,43300000.0,
75,TikTok,26800000.0,
76,TikTok,5200000.0,
77,TikTok,7700000.0,
78,TikTok,140300.0,
79,TikTok,1700000.0,
80,TikTok,219000.0,
81,TikTok,1800000.0,
82,TikTok,2700000.0,
83,TikTok,11800000.0,
84,TikTok,3300000.0,
85,TikTok,2100000.0,
86,TikTok,21300000.0,
87,TikTok,4300000.0,
88,TikTok,17300000.0,
89,TikTok,713700.0,
90,TikTok,3100000.0,
91,TikTok,4700000.0,
92,TikTok,11800000.0,
93,TikTok,8500000.0,
94,TikTok,306400.0,
95,TikTok,109800.0,
96,TikTok,340500.0,
97,TikTok,4100000.0,
98,TikTok,2100000.0,
99,TikTok,2800000.0,
100,TikTok,16500000.0,
101,TikTok,1800000.0,
102,TikTok,2100000.0,
103,TikTok,12700000.0,
104,TikTok,2500000.0,
105,TikTok,1300000.0,
106,TikTok,7500000.0,
107,TikTok,3900000.0,
108,TikTok,2800000.0,
109,TikTok,1400000.0,
110,TikTok,67600.0,
111,TikTok,3700000.0,
112,TikTok,8700000.0,
113,TikTok,2200000.0,
114,TikTok,11600000.0,
115,TikTok,5700000.0,
116,TikTok,10800000.0,
117,TikTok,2700000.0,
118,TikTok,4000000.0,
119,TikTok,320300.0,
120,TikTok,8300000.000000001,
121,TikTok,914800.0,
122,TikTok,11600000.0,
123,TikTok,4400000.0,
124,TikTok,9300000.0,
125,TikTok,3000000.0,
126,TikTok,3200000.0,
127,TikTok,7800000.0,
128,TikTok,5300000.0,
129,TikTok,19700000.0,
130,TikTok,6800000.0,
131,TikTok,13900000.0,
132,TikTok,759300.0,
133,TikTok,733400.0,
134,TikTok,3500000.0,
135,TikTok,7000000.0,
136,TikTok,9800000.0,
137,TikTok,19400000.0,
138,TikTok,4000000.0,
139,TikTok,3300000.0,
140,TikTok,3800000.0,
141,TikTok,161700.0,
142,TikTok,187600.0,
143,TikTok,3500000.0,
144,TikTok,1500000.0,
145,TikTok,1500000.0,
146,TikTok,4400000.0,
147,TikTok,2600000.0,
148,TikTok,5500000.0,
149,TikTok,1700000.0,
150,TikTok,2900000.0,
151,TikTok,25500000.0,
152,TikTok,29400000.0,
153,TikTok,6500000.0,
154,TikTok,6100000.0,
155,TikTok,306800.0,
156,TikTok,3600000.0,
157,TikTok,16100000.000000002,
158,TikTok,12300000.0,
159,TikTok,4200000.0,
160,TikTok,1800000.0,
161,TikTok,12000000.0,
162,TikTok,12700000.0,
163,TikTok,16300000.0,
164,TikTok,2700000.0,
165,TikTok,15600000.0,
166,TikTok,7500000.0,
167,TikTok,7600000.0,
168,TikTok,576600.0,
169,TikTok,8700000.0,
170,TikTok,13800000.0,
171,TikTok,1900000.0,
172,TikTok,3100000.0,
173,TikTok,3400000.0,
174,TikTok,1100000.0,
175,TikTok,4200000.0,
176,TikTok,1600000.0,
177,TikTok,9900000.0,
178,TikTok,31700000.0,
179,TikTok,7200000.0,
180,TikTok,15200000.0,
181,TikTok,7200000.0,
182,TikTok,7100000.0,
183,TikTok,3800000.0,
184,TikTok,3700000.0,
185,TikTok,349100.0,
186,TikTok,647300.0,
187,TikTok,1300000.0,
188,TikTok,7200000.0,
189,TikTok,1600000.0,
190,TikTok,8400000.0,
191,TikTok,8700000.0,
192,TikTok,3700000.0,
193,TikTok,287900.0,
194,TikTok,25000000.0,
195,TikTok,8300000.000000001,
196,TikTok,198700.0,
197,TikTok,128200.0,
198,TikTok,265300.0,
199,TikTok,40100000.0,
200,TikTok,128200.0,
201,TikTok,265300.0,
202,TikTok,40100000.0,
203,TikTok,834900.0,
204,TikTok,3200000.0,
205,TikTok,6200000.0,
206,TikTok,32300000.0,
207,TikTok,21000000.0,
208,TikTok,74800.0,
209,TikTok,8500000.0,
210,TikTok,61600.0,
211,TikTok,1000000.0,
212,TikTok,9500000.0,
213,TikTok,5800000.0,
214,TikTok,924900.0,
215,TikTok,197300.0,
216,TikTok,4200000.0,
217,TikTok,1100000.0,
218,TikTok,7800000.0,
219,TikTok,259400.0,
220,TikTok,5000000.0,
221,TikTok,1600000.0,
222,TikTok,3800000.0,
223,TikTok,6400000.0,
224,TikTok,8400000.0,
225,TikTok,14400000.0,
226,TikTok,880700.0,
227,TikTok,4500000.0,
228,TikTok,3900000.0,
229,TikTok,1900000.0,
230,TikTok,1200000.0,
231,TikTok,2100000.0,
232,TikTok,3900000.0,
233,TikTok,3900000.0,
234,TikTok,6100000.0,
235,TikTok,321000.0,
236,TikTok,1700000.0,
237,TikTok,11200000.0,
238,TikTok,6800000.0,
239,TikTok,7000000.0,
240,TikTok,16000000.0,
241,TikTok,7800000.0,
242,TikTok,15300000.0,
243,TikTok,3500000.0,
244,TikTok,1700000.0,
245,TikTok,688300.0,
246,TikTok,7900000.0,
247,TikTok,1200000.0,
248,TikTok,2100000.0,
249,TikTok,1500000.0,
250,TikTok,13700000.0,
251,TikTok,25800000.0,
252,TikTok,7000000.0,
253,TikTok,10500000.0,
254,TikTok,798600.0,
255,TikTok,1200000.0,
256,TikTok,1000000.0,
257,TikTok,1800000.0,
258,TikTok,492600.0,
259,TikTok,17000000.0,
260,TikTok,1200000.0,
261,TikTok,30600000.0,
262,TikTok,1300000.0,
263,TikTok,1100000.0,
264,TikTok,1000000.0,
265,TikTok,2100000.0,
266,TikTok,18700000.0,
267,TikTok,174400.0,
268,TikTok,5000000.0,
269,TikTok,1600000.0,
270,TikTok,3600000.0,
271,TikTok,15200000.0,
272,TikTok,201400.0,
273,TikTok,10900000.0,
274,TikTok,12300000.0,
275,TikTok,26300000.0,
276,TikTok,2800000.0,
277,TikTok,3000000.0,
278,TikTok,6800000.0,
279,TikTok,2900000.0,
280,TikTok,57200000.0,
281,TikTok,30500000.0,
282,TikTok,10600000.0,
283,TikTok,8100000.0,
284,TikTok,1400000.0,
285,TikTok,12200000.0,
286,TikTok,958900.0,
287,TikTok,1400000.0,
288,TikTok,2200000.0,
289,TikTok,941900.0,
290,TikTok,3400000.0,
291,TikTok,9000000.0,
292,TikTok,5000000.0,
293,TikTok,852400.0,
294,TikTok,7400000.0,
295,TikTok,6000000.0,
296,TikTok,1900000.0,
297,TikTok,4400000.0,
298,TikTok,19300000.0,
299,TikTok,11500000.0,
300,TikTok,19300000.0,
301,TikTok,11500000.0,
302,TikTok,9200000.0,
303,TikTok,7400000.0,
304,TikTok,4900000.0,
305,TikTok,9900000.0,
306,TikTok,3500000.0,
307,TikTok,9700000.0,
308,TikTok,8000000.0,
309,TikTok,1900000.0,
310,TikTok,5100000.0,
311,TikTok,1300000.0,
312,TikTok,1800000.0,
313,TikTok,2000000.0,
314,TikTok,1000000.0,
315,TikTok,1400000.0,
316,TikTok,9700000.0,
317,TikTok,2600000.0,
318,TikTok,5500000.0,
319,TikTok,9000000.0,
320,TikTok,1600000.0,
321,TikTok,17900000.0,
322,TikTok,4100000.0,
323,TikTok,230200.0,
324,TikTok,2600000.0,
325,TikTok,256600.00000000003,
326,TikTok,1700000.0,
327,TikTok,7300000.0,
328,TikTok,32500000.0,
329,TikTok,1900000.0,
330,TikTok,4200000.0,
331,TikTok,324600.0,
332,TikTok,3700000.0,
333,TikTok,5100000.0,
334,TikTok,18200000.0,
335,TikTok,3400000.0,
336,TikTok,10400000.0,
337,TikTok,87700.0,
338,TikTok,5300000.0,
339,TikTok,3500000.0,
340,TikTok,165700.0,
341,TikTok,2000000.0,
342,TikTok,23500.0,
343,TikTok,1800000.0,
344,TikTok,4500000.0,
345,TikTok,4400000.0,
346,TikTok,2700000.0,
347,TikTok,1200000.0,
348,TikTok,5300000.0,
349,TikTok,12600000.0,
350,TikTok,656500.0,
351,TikTok,517200.00000000006,
352,TikTok,5100000.0,
353,TikTok,831400.0,
354,TikTok,251200.0,
355,TikTok,483300.0,
356,TikTok,2000000.0,
357,TikTok,16800000.0,
358,TikTok,179100.0,
359,TikTok,8199999.999999999,
360,TikTok,8900000.0,
361,TikTok,905900.0,
362,TikTok,42800000.0,
363,TikTok,5300000.0,
364,TikTok,2100000.0,
365,TikTok,3900000.0,
366,TikTok,14300000.0,
367,TikTok,5800000.0,
368,TikTok,41100000.0,
369,TikTok,1500000.0,
370,TikTok,3400000.0,
371,TikTok,3200000.0,
372,TikTok,18600000.0,
373,TikTok,4300000.0,
374,TikTok,2500000.0,
375,TikTok,10500000.0,
376,TikTok,7700000.0,
377,TikTok,706300.0,
378,TikTok,1800000.0,
379,TikTok,658100.0,
380,TikTok,4100000.0,
381,TikTok,1700000.0,
382,TikTok,4100000.0,
383,TikTok,1400000.0,
384,TikTok,6500000.0,
385,TikTok,2400000.0,
386,TikTok,1300000.0,
387,TikTok,4500000.0,
388,TikTok,12700000.0,
389,TikTok,876400.0,
390,TikTok,1300000.0,
391,TikTok,4300000.0,
392,TikTok,39000000.0,
393,TikTok,14200000.0,
394,TikTok,4000000.0,
395,TikTok,6900.0,
396,TikTok,9000000.0,
397,TikTok,12300000.0,
398,TikTok,776400.0,
399,TikTok,16100000.000000002,
400,TikTok,1200000.0,
401,TikTok,1200000.0,
402,TikTok,900000.0,
403,TikTok,7200000.0,
404,TikTok,1300000.0,
405,TikTok,2300000.0,
406,TikTok,1900000.0,
407,TikTok,1200000.0,
408,TikTok,860300.0,
409,TikTok,1100000.0,
410,TikTok,12200000.0,
411,TikTok,4300000.0,
412,TikTok,3500000.0,
413,TikTok,2500000.0,
414,TikTok,4400000.0,
415,TikTok,1700000.0,
416,TikTok,6600000.0,
417,TikTok,2700000.0,
418,TikTok,4000000.0,
419,TikTok,8600000.0,
420,TikTok,9200000.0,
421,TikTok,80100.0,
422,TikTok,148600.0,
423,TikTok,7300000.0,
424,TikTok,4100000.0,
425,TikTok,392800.0,
426,TikTok,5200000.0,
427,TikTok,2100.0,
428,TikTok,5300000.0,
429,TikTok,1200000.0,
430,TikTok,5900000.0,
431,TikTok,6200000.0,
432,TikTok,3900000.0,
433,TikTok,6500000.0,
434,TikTok,1800000.0,
435,TikTok,2900000.0,
436,TikTok,4700000.0,
437,TikTok,35600000.0,
438,TikTok,8199999.999999999,
439,TikTok,12500000.0,
440,TikTok,4100000.0,
441,TikTok,4100000.0,
442,TikTok,1300000.0,
443,TikTok,10200000.0,
444,TikTok,1900000.0,
445,TikTok,14100000.0,
446,TikTok,1400000.0,
447,TikTok,12300000.0,
448,TikTok,6200000.0,
449,TikTok,31000.0,
450,TikTok,1100000.0,
451,TikTok,3800000.0,
452,TikTok,2400000.0,
453,TikTok,2200000.0,
454,TikTok,30300000.0,
455,TikTok,983800.0,
456,TikTok,3700000.0,
457,TikTok,17600000.0,
458,TikTok,12000000.0,
459,TikTok,8000000.0,
460,TikTok,192800.0,
461,TikTok,5400000.0,
462,TikTok,612000.0,
463,TikTok,14500000.0,
464,TikTok,1400000.0,
465,TikTok,2300000.0,
466,TikTok,6700000.0,
467,TikTok,2200000.0,
468,TikTok,176400.0,
469,TikTok,5700000.0,
470,TikTok,272900.0,
471,TikTok,2400000.0,
472,TikTok,23600000.0,
473,TikTok,13300000.0,
474,TikTok,1600000.0,
475,TikTok,2300000.0,
476,TikTok,3400000.0,
477,TikTok,16200000.0,
478,TikTok,24600000.0,
479,TikTok,1700000.0,
480,TikTok,1900000.0,
481,TikTok,15900000.0,
482,TikTok,11600000.0,
483,TikTok,3400000.0,
484,TikTok,2700000.0,
485,TikTok,1400000.0,
486,TikTok,16500000.0,
487,TikTok,159400.0,
488,TikTok,12500000.0,
489,TikTok,354500.0,
490,TikTok,5300000.0,
491,TikTok,483400.0,
492,TikTok,31600000.0,
493,TikTok,11700000.0,
494,TikTok,4200000.0,
495,TikTok,1200000.0,
496,TikTok,26100.0,
497,TikTok,2800000.0,
498,TikTok,1400000.0,
499,TikTok,139100.0,
500,TikTok,139100.0,
501,TikTok,3300000.0,
502,TikTok,32800000.0,
503,TikTok,602600.0,
504,TikTok,13300000.0,
505,TikTok,6900000.0,
506,TikTok,3600000.0,
507,TikTok,7900000.0,
508,TikTok,4100000.0,
509,TikTok,3500000.0,
510,TikTok,11700000.0,
511,TikTok,4600.0,
512,TikTok,983500.0,
513,TikTok,17200000.0,
514,TikTok,20900.0,
515,TikTok,9400000.0,
516,TikTok,19000000.0,
517,TikTok,25300000.0,
518,TikTok,290800.0,
519,TikTok,9600000.0,
520,TikTok,1500000.0,
521,TikTok,98000.0,
522,TikTok,21900000.0,
523,TikTok,457300.0,
524,TikTok,3300000.0,
525,TikTok,11200000.0,
526,TikTok,172700.0,
527,TikTok,2300000.0,
528,TikTok,2600000.0,
529,TikTok,2200000.0,
530,TikTok,883100.0,
531,TikTok,1100000.0,
532,TikTok,10400000.0,
533,TikTok,2400000.0,
534,TikTok,11500.0,
535,TikTok,155000.0,
536,TikTok,123100.0,
537,TikTok,4000000.0,
538,TikTok,117500.0,
539,TikTok,392100.0,
540,TikTok,5200000.0,
541,TikTok,2000000.0,
542,TikTok,9800000.0,
543,TikTok,10900000.0,
544,TikTok,3600000.0,
545,TikTok,4900000.0,
546,TikTok,135800.0,
547,TikTok,1200000.0,
548,TikTok,2100000.0,
549,TikTok,15200000.0,
550,TikTok,3000000.0,
551,TikTok,930100.0,
552,TikTok,1600000.0,
553,TikTok,30200000.0,
554,TikTok,6000000.0,
555,TikTok,1900000.0,
556,TikTok,40700000.0,
557,TikTok,2800000.0,
558,TikTok,8199999.999999999,
559,TikTok,1600000.0,
560,TikTok,17000000.0,
561,TikTok,11600000.0,
562,TikTok,11800000.0,
563,TikTok,140300.0,
564,TikTok,2100000.0,
565,TikTok,605300.0,
566,TikTok,7300000.0,
567,TikTok,997500.0,
568,TikTok,2600000.0,
569,TikTok,26600000.0,
570,TikTok,2400000.0,
571,TikTok,8600000.0,
572,TikTok,71500.0,
573,TikTok,6700.0,
574,TikTok,958400.0,
575,TikTok,3200000.0,
576,TikTok,731300.0,
577,TikTok,8700000.0,
578,TikTok,1300000.0,
579,TikTok,13900000.0,
580,TikTok,2200000.0,
581,TikTok,4400000.0,
582,TikTok,5100000.0,
583,TikTok,1800000.0,
584,TikTok,6000000.0,
585,TikTok,1600000.0,
586,TikTok,6900000.0,
587,TikTok,4300000.0,
588,TikTok,850000.0,
589,TikTok,7700000.0,
590,TikTok,5700000.0,
591,TikTok,1800000.0,
592,TikTok,2900000.0,
593,TikTok,19700000.0,
594,TikTok,2900000.0,
595,TikTok,853000.0,
596,TikTok,2800000.0,
597,TikTok,8900000.0,
598,TikTok,12800000.0,
599,TikTok,26600000.0,
600,TikTok,26600000.0,
601,TikTok,52900.0,
602,TikTok,11000000.0,
603,TikTok,3000000.0,
604,TikTok,538300.0,
605,TikTok,1500000.0,
606,TikTok,1900000.0,
607,TikTok,3000000.0,
608,TikTok,721600.0,
609,TikTok,26800000.0,
610,TikTok,1900000.0,
611,TikTok,6200000.0,
612,TikTok,29500000.0,
613,TikTok,10100000.0,
614,TikTok,4800000.0,
615,TikTok,390100.0,
616,TikTok,10400000.0,
617,TikTok,9300000.0,
618,TikTok,10600000.0,
619,TikTok,2800000.0,
620,TikTok,1900000.0,
621,TikTok,1000000.0,
622,TikTok,883800.0,
623,TikTok,1900000.0,
624,TikTok,6900000.0,
625,TikTok,1600000.0,
626,TikTok,1800000.0,
627,TikTok,6400000.0,
628,TikTok,7500000.0,
629,TikTok,1600000.0,
630,TikTok,686900.0,
631,TikTok,603800.0,
632,TikTok,2500000.0,
633,TikTok,652600.0,
634,TikTok,1500000.0,
635,TikTok,16300000.0,
636,TikTok,344000.0,
637,TikTok,14000000.0,
638,TikTok,855700.0,
639,TikTok,2600000.0,
640,TikTok,1700000.0,
641,TikTok,5600000.0,
642,TikTok,1200000.0,
643,TikTok,6500000.0,
644,TikTok,7000000.0,
645,TikTok,1600000.0,
646,TikTok,9400000.0,
647,TikTok,369400.0,
648,TikTok,3600000.0,
649,TikTok,1200000.0,
650,TikTok,17300000.0,
651,TikTok,796900.0,
652,TikTok,1600000.0,
653,TikTok,10500000.0,
654,TikTok,7200000.0,
655,TikTok,1800000.0,
656,TikTok,16700000.0,
657,TikTok,14300000.0,
658,TikTok,19000000.0,
659,TikTok,747200.0,
660,TikTok,6200000.0,
661,TikTok,372100.0,
662,TikTok,5700000.0,
663,TikTok,13000000.0,
664,TikTok,5800000.0,
665,TikTok,2800000.0,
666,TikTok,249300.0,
667,TikTok,8700000.0,
668,TikTok,5700000.0,
669,TikTok,12400000.0,
670,TikTok,8300000.000000001,
671,TikTok,5100000.0,
672,TikTok,2700000.0,
673,TikTok,1200000.0,
674,TikTok,2100000.0,
675,TikTok,655500.0,
676,TikTok,3500000.0,
677,TikTok,8000000.0,
678,TikTok,28600000.0,
679,TikTok,5600000.0,
680,TikTok,12700000.0,
681,TikTok,3700000.0,
682,TikTok,6100000.0,
683,TikTok,1600000.0,
684,TikTok,1300000.0,
685,TikTok,3600000.0,
686,TikTok,432500.0,
687,TikTok,271800.0,
688,TikTok,8200.0,
689,TikTok,1600000.0,
690,TikTok,7200000.0,
691,TikTok,3800000.0,
692,TikTok,5800000.0,
693,TikTok,852800.0,
694,TikTok,2500000.0,
695,TikTok,4200000.0,
696,TikTok,1000000.0,
697,TikTok,6000000.0,
698,TikTok,1700000.0,
699,TikTok,1400000.0,
700,TikTok,5200000.0,
701,TikTok,2200000.0,
702,TikTok,2000000.0,
703,TikTok,264100.0,
704,TikTok,955000.0,
705,TikTok,9900000.0,
706,TikTok,13300.0,
707,TikTok,6700000.0,
708,TikTok,1600000.0,
709,TikTok,3100000.0,
710,TikTok,22800000.0,
711,TikTok,1700000.0,
712,TikTok,139700.0,
713,TikTok,2900000.0,
714,TikTok,1500000.0,
715,TikTok,3500000.0,
716,TikTok,168800.0,
717,TikTok,313600.0,
718,TikTok,25900000.0,
719,TikTok,1200000.0,
720,TikTok,861100.0,
721,TikTok,18600000.0,
722,TikTok,2200000.0,
723,TikTok,6300000.0,
724,TikTok,12400000.0,
725,TikTok,5000000.0,
726,TikTok,1900000.0,
727,TikTok,23600000.0,
728,TikTok,2300000.0,
729,TikTok,1700000.0,
730,TikTok,2800000.0,
731,TikTok,3300000.0,
732,TikTok,208300.0,
733,TikTok,995500.0,
734,TikTok,10200000.0,
735,TikTok,1500000.0,
736,TikTok,1400000.0,
737,TikTok,7200000.0,
738,TikTok,27500.0,
739,TikTok,1100000.0,
740,TikTok,1000000.0,
741,TikTok,48200.0,
742,TikTok,682300.0,
743,TikTok,1500000.0,
744,TikTok,7900000.0,
745,TikTok,11600000.0,
746,TikTok,177500.0,
747,TikTok,563900.0,
748,TikTok,1200000.0,
749,TikTok,4500000.0,
750,TikTok,5800.0,
751,TikTok,3200000.0,
752,TikTok,9900000.0,
753,TikTok,6200000.0,
754,TikTok,12000000.0,
755,TikTok,4600000.0,
756,TikTok,35200000.0,
757,TikTok,23400000.0,
758,TikTok,8200.0,
759,TikTok,4800000.0,
760,TikTok,3900000.0,
761,TikTok,587700.0,
762,TikTok,2100000.0,
763,TikTok,1100000.0,
764,TikTok,11100000.0,
765,TikTok,1600000.0,
766,TikTok,457600.0,
767,TikTok,36900.0,
768,TikTok,3300000.0,
769,TikTok,2700000.0,
770,TikTok,92600.0,
771,TikTok,8300000.000000001,
772,TikTok,10100000.0,
773,TikTok,1600000.0,
774,TikTok,13100000.0,
775,TikTok,2400000.0,
776,TikTok,11400000.0,
777,TikTok,7000000.0,
778,TikTok,60100.0,
779,TikTok,17800000.0,
780,TikTok,1300000.0,
781,TikTok,6200000.0,
782,TikTok,3600000.0,
783,TikTok,491400.0,
784,TikTok,5300000.0,
785,TikTok,1300000.0,
786,TikTok,419400.0,
787,TikTok,1400000.0,
788,TikTok,30100.0,
789,TikTok,5600000.0,
790,TikTok,2700000.0,
791,TikTok,5700000.0,
792,TikTok,712300.0,
793,TikTok,1500000.0,
794,TikTok,299600.0,
795,TikTok,15300000.0,
796,TikTok,7600000.0,
797,TikTok,3800000.0,
798,TikTok,4400000.0,
799,TikTok,8400000.0,
800,TikTok,4400000.0,
801,TikTok,9500000.0,
802,TikTok,7500000.0,
803,TikTok,29400000.0,
804,TikTok,8900000.0,
805,TikTok,4800000.0,
806,TikTok,4500000.0,
807,TikTok,3200000.0,
808,TikTok,4600000.0,
809,TikTok,5000000.0,
810,TikTok,10100000.0,
811,TikTok,812700.0,
812,TikTok,14800000.0,
813,TikTok,7600000.0,
814,TikTok,14500000.0,
815,TikTok,40400000.0,
816,TikTok,409500.0,
817,TikTok,5800000.0,
818,TikTok,10800000.0,
819,TikTok,1100000.0,
820,TikTok,3400000.0,
821,TikTok,2200000.0,
822,TikTok,2900000.0,
823,TikTok,6700000.0,
824,TikTok,5900000.0,
825,TikTok,4400000.0,
826,TikTok,2900000.0,
827,TikTok,18000000.0,
828,TikTok,8600000.0,
829,TikTok,1300000.0,
830,TikTok,9200000.0,
831,TikTok,777600.0,
832,TikTok,13200000.0,
833,TikTok,624100.0,
834,TikTok,320100.0,
835,TikTok,3000.0,
836,TikTok,3600000.0,
837,TikTok,4600000.0,
838,TikTok,2800000.0,
839,TikTok,82900.0,
840,TikTok,5500000.0,
841,TikTok,4100000.0,
842,TikTok,10300000.0,
843,TikTok,12500000.0,
844,TikTok,54300000.0,
845,TikTok,391500.0,
846,TikTok,281800.0,
847,TikTok,3000000.0,
848,TikTok,6400000.0,
849,TikTok,2200000.0,
850,TikTok,3100000.0,
851,TikTok,5700000.0,
852,TikTok,10700000.0,
853,TikTok,798900.0,
854,TikTok,325100.0,
855,TikTok,4600000.0,
856,TikTok,1200000.0,
857,TikTok,5500000.0,
858,TikTok,3200000.0,
859,TikTok,2300000.0,
860,TikTok,593100.0,
861,TikTok,13100000.0,
862,TikTok,1600000.0,
863,TikTok,2800000.0,
864,TikTok,9900000.0,
865,TikTok,749500.0,
866,TikTok,2700000.0,
867,TikTok,2900000.0,
868,TikTok,18600000.0,
869,TikTok,6200000.0,
870,TikTok,4300000.0,
871,TikTok,12500000.0,
872,TikTok,2200000.0,
873,TikTok,1300000.0,
874,TikTok,6900000.0,
875,TikTok,382000.0,
876,TikTok,2300000.0,
877,TikTok,7300000.0,
878,TikTok,2200000.0,
879,TikTok,2500000.0,
880,TikTok,484000.0,
881,TikTok,81400.0,
882,TikTok,1500000.0,
883,TikTok,1100000.0,
884,TikTok,25600000.0,
885,TikTok,1700000.0,
886,TikTok,9800000.0,
887,TikTok,541100.0,
888,TikTok,6100000.0,
889,TikTok,375900.0,
890,TikTok,4700000.0,
891,TikTok,366800.0,
892,TikTok,2500000.0,
893,TikTok,11600000.0,
894,TikTok,24100.0,
895,TikTok,3400000.0,
896,TikTok,7600.0,
897,TikTok,1000000.0,
898,TikTok,3700000.0,
899,TikTok,158400.0,
900,TikTok,3100000.0,
901,TikTok,17000000.0,
902,TikTok,538800.0,
903,TikTok,1000000.0,
904,TikTok,370100.0,
905,TikTok,6800000.0,
906,TikTok,4800000.0,
907,TikTok,52700.0,
908,TikTok,20300000.0,
909,TikTok,18100.0,
910,TikTok,545000.0,
911,TikTok,5400000.0,
912,TikTok,4600000.0,
913,TikTok,709400.0,
914,TikTok,4500000.0,
915,TikTok,6600000.0,
916,TikTok,3800000.0,
917,TikTok,21100.0,
918,TikTok,4700000.0,
919,TikTok,6400000.0,
920,TikTok,8300000.000000001,
921,TikTok,11800000.0,
922,TikTok,51300.0,
923,TikTok,3200000.0,
924,TikTok,572000.0,
925,TikTok,557900.0,
926,TikTok,4200000.0,
927,TikTok,1800000.0,
928,TikTok,6900000.0,
929,TikTok,1400000.0,
930,TikTok,3200000.0,
931,TikTok,10200000.0,
932,TikTok,2800000.0,
933,TikTok,6800000.0,
934,TikTok,6200000.0,
935,TikTok,4000000.0,
936,TikTok,15700000.0,
937,TikTok,32100000.0,
938,TikTok,3300000.0,
939,TikTok,7100000.0,
940,TikTok,8000000.0,
941,TikTok,7500000.0,
942,TikTok,10900000.0,
943,TikTok,188500.0,
944,TikTok,6700000.0,
945,TikTok,187300.0,
946,TikTok,9500000.0,
947,TikTok,364500.0,
948,TikTok,3100000.0,
949,TikTok,36100000.0,
950,TikTok,364500.0,
951,TikTok,3100000.0,
952,TikTok,36100000.0,
953,TikTok,1500000.0,
954,TikTok,13900000.0,
955,TikTok,2600000.0,
956,TikTok,4900000.0,
957,TikTok,2600000.0,
958,TikTok,1700000.0,
959,TikTok,22100000.0,
960,TikTok,5400000.0,
961,TikTok,958200.0,
962,TikTok,15700000.0,
963,TikTok,6800000.0,
964,TikTok,534200.0,
965,TikTok,13300000.0,
966,TikTok,760200.0,
967,TikTok,21800000.0,
968,TikTok,72000.0,
969,TikTok,14200000.0,
970,TikTok,4300000.0,
971,TikTok,66000.0,
972,TikTok,15800000.0,
973,TikTok,630800.0,
974,TikTok,2000000.0,
975,TikTok,1100000.0,
976,TikTok,5100000.0,
977,TikTok,21300000.0,
978,TikTok,8900000.0,
979,TikTok,27100.0,
980,TikTok,23200.0,
981,TikTok,175100.0,
982,TikTok,13000000.0,
983,TikTok,1100000.0,
984,TikTok,26000000.0,
985,TikTok,10300000.0,
986,TikTok,99000.0,
987,TikTok,112600.0,
988,TikTok,86200.0,
989,TikTok,850000.0,
990,TikTok,2600000.0,
991,TikTok,6400000.0,
992,TikTok,4900000.0,
993,TikTok,909600.0,
994,TikTok,8400000.0,
995,TikTok,4000000.0,
996,TikTok,5100000.0,
997,TikTok,5800000.0,
998,TikTok,1200000.0,
999,TikTok,1600000.0,
