,Instagram,audience,red_social,Youtube
0,212100000.0,India,Instagram,
1,132100000.0,Varios,Instagram,
2,130400000.0,India,Instagram,
3,111400000.0,United States,Instagram,
4,92500000.0,United States,Instagram,
5,92400000.0,Varios,Instagram,
6,90100000.0,Varios,Instagram,
7,86900000.0,United States,Instagram,
8,82700000.0,India,Instagram,
9,80400000.0,Varios,Instagram,
10,76200000.0,United States,Instagram,
11,68100000.0,United States,Instagram,
12,67900000.0,India,Instagram,
13,65500000.0,Brazil,Instagram,
14,65000000.0,United States,Instagram,
15,64900000.00000001,India,Instagram,
16,64700000.0,United States,Instagram,
17,61500000.0,India,Instagram,
18,59200000.0,India,Instagram,
19,57400000.0,United States,Instagram,
20,56600000.0,Varios,Instagram,
21,55200000.0,Varios,Instagram,
22,55000000.0,United States,Instagram,
23,51500000.0,India,Instagram,
24,51200000.0,India,Instagram,
25,50900000.0,India,Instagram,
26,50300000.0,India,Instagram,
27,49900000.0,India,Instagram,
28,48900000.0,Varios,Instagram,
29,48700000.0,Varios,Instagram,
30,48300000.0,India,Instagram,
31,45500000.0,Mexico,Instagram,
32,45500000.0,Mexico,Instagram,
33,45300000.0,India,Instagram,
34,45100000.0,United States,Instagram,
35,44000000.0,Brazil,Instagram,
36,43800000.0,Brazil,Instagram,
37,43200000.0,United States,Instagram,
38,42600000.0,United States,Instagram,
39,42600000.0,Brazil,Instagram,
40,42600000.0,India,Instagram,
41,41600000.0,United States,Instagram,
42,41200000.0,India,Instagram,
43,40800000.0,Varios,Instagram,
44,40000000.0,India,Instagram,
45,39000000.0,Russia,Instagram,
46,38800000.0,Philippines,Instagram,
47,38700000.0,Varios,Instagram,
48,38400000.0,Mexico,Instagram,
49,38400000.0,Varios,Instagram,
50,38200000.0,United States,Instagram,
51,37400000.0,Varios,Instagram,
52,37200000.0,Brazil,Instagram,
53,37100000.0,Brazil,Instagram,
54,36500000.0,India,Instagram,
55,36000000.0,Mexico,Instagram,
56,35800000.0,India,Instagram,
57,35800000.0,Argentina,Instagram,
58,35800000.0,India,Instagram,
59,35600000.0,Thailand,Instagram,
60,35100000.0,Varios,Instagram,
61,34900000.0,France,Instagram,
62,34500000.0,Varios,Instagram,
63,33700000.0,Varios,Instagram,
64,33700000.0,India,Instagram,
65,33300000.0,Colombia,Instagram,
66,33300000.0,Thailand,Instagram,
67,32900000.0,Mexico,Instagram,
68,32800000.0,Varios,Instagram,
69,32800000.0,United States,Instagram,
70,32700000.000000004,India,Instagram,
71,32500000.0,United States,Instagram,
72,32300000.0,Varios,Instagram,
73,32100000.0,Varios,Instagram,
74,32100000.0,India,Instagram,
75,32100000.0,United States,Instagram,
76,32100000.0,India,Instagram,
77,31900000.0,India,Instagram,
78,31700000.0,India,Instagram,
79,31500000.0,Varios,Instagram,
80,31500000.0,India,Instagram,
81,31300000.0,India,Instagram,
82,31000000.0,United States,Instagram,
83,30900000.0,Mexico,Instagram,
84,30900000.0,Mexico,Instagram,
85,30900000.0,India,Instagram,
86,30700000.0,Thailand,Instagram,
87,30500000.0,United States,Instagram,
88,30500000.0,India,Instagram,
89,30500000.0,United States,Instagram,
90,30500000.0,India,Instagram,
91,30400000.0,Varios,Instagram,
92,30300000.0,India,Instagram,
93,30200000.0,United States,Instagram,
94,30100000.0,India,Instagram,
95,29700000.0,Varios,Instagram,
96,29700000.0,Indonesia,Instagram,
97,29700000.0,Brazil,Instagram,
98,29600000.0,Indonesia,Instagram,
99,29500000.0,United States,Instagram,
100,29300000.0,United States,Instagram,
101,28900000.0,India,Instagram,
102,28800000.0,India,Instagram,
103,28600000.0,Pakistan,Instagram,
104,28500000.0,United States,Instagram,
105,28300000.0,United States,Instagram,
106,28200000.0,United States,Instagram,
107,28100000.0,Varios,Instagram,
108,27700000.0,United States,Instagram,
109,27500000.0,United States,Instagram,
110,27500000.0,United States,Instagram,
111,27400000.0,United States,Instagram,
112,27300000.0,Varios,Instagram,
113,26900000.0,Varios,Instagram,
114,26900000.0,Varios,Instagram,
115,26900000.0,Pakistan,Instagram,
116,26700000.0,India,Instagram,
117,26600000.0,India,Instagram,
118,26500000.0,United States,Instagram,
119,26500000.0,Varios,Instagram,
120,26500000.0,Mexico,Instagram,
121,26400000.0,Philippines,Instagram,
122,26200000.0,Varios,Instagram,
123,26100000.0,United States,Instagram,
124,26000000.0,United States,Instagram,
125,25800000.0,Varios,Instagram,
126,25800000.0,United States,Instagram,
127,25600000.0,United States,Instagram,
128,25600000.0,Ecuador,Instagram,
129,25600000.0,Varios,Instagram,
130,25400000.0,Mexico,Instagram,
131,25300000.0,India,Instagram,
132,25200000.0,India,Instagram,
133,25200000.0,India,Instagram,
134,25000000.0,Varios,Instagram,
135,25000000.0,United States,Instagram,
136,24800000.0,Brazil,Instagram,
137,24700000.0,Iraq,Instagram,
138,24500000.0,India,Instagram,
139,24500000.0,Varios,Instagram,
140,24400000.0,United States,Instagram,
141,24400000.0,Varios,Instagram,
142,24400000.0,Varios,Instagram,
143,24400000.0,Indonesia,Instagram,
144,24400000.0,United States,Instagram,
145,24300000.0,India,Instagram,
146,24200000.0,United States,Instagram,
147,24200000.0,Varios,Instagram,
148,24200000.0,United States,Instagram,
149,24000000.0,Brazil,Instagram,
150,24000000.0,Varios,Instagram,
151,23800000.0,Varios,Instagram,
152,23800000.0,United States,Instagram,
153,23600000.0,India,Instagram,
154,23400000.0,United States,Instagram,
155,23400000.0,Indonesia,Instagram,
156,23200000.0,United States,Instagram,
157,23200000.0,United States,Instagram,
158,23000000.0,United States,Instagram,
159,23000000.0,Varios,Instagram,
160,23000000.0,Philippines,Instagram,
161,22800000.0,Varios,Instagram,
162,22800000.0,United States,Instagram,
163,22800000.0,United States,Instagram,
164,22600000.0,Varios,Instagram,
165,22600000.0,Russia,Instagram,
166,22500000.0,Brazil,Instagram,
167,22400000.0,Varios,Instagram,
168,22400000.0,Mexico,Instagram,
169,22400000.0,India,Instagram,
170,22300000.0,India,Instagram,
171,22300000.0,India,Instagram,
172,22200000.0,Varios,Instagram,
173,22200000.0,United States,Instagram,
174,22000000.0,Turkey,Instagram,
175,22000000.0,India,Instagram,
176,21800000.0,Varios,Instagram,
177,21700000.0,Thailand,Instagram,
178,21600000.0,Colombia,Instagram,
179,21600000.0,Saudi Arabia,Instagram,
180,21400000.0,Russia,Instagram,
181,21400000.0,India,Instagram,
182,21400000.0,Varios,Instagram,
183,21200000.0,Indonesia,Instagram,
184,21000000.0,United States,Instagram,
185,21000000.0,India,Instagram,
186,21000000.0,United States,Instagram,
187,21000000.0,Varios,Instagram,
188,20800000.0,United States,Instagram,
189,20800000.0,India,Instagram,
190,20800000.0,United States,Instagram,
191,20700000.0,Brazil,Instagram,
192,20600000.0,India,Instagram,
193,20600000.0,Varios,Instagram,
194,20600000.0,India,Instagram,
195,20600000.0,Varios,Instagram,
196,20600000.0,India,Instagram,
197,20600000.0,Varios,Instagram,
198,20500000.0,India,Instagram,
199,20400000.0,United States,Instagram,
200,20400000.0,United States,Instagram,
201,20400000.0,Indonesia,Instagram,
202,20400000.0,United States,Instagram,
203,20400000.0,Varios,Instagram,
204,20200000.0,Brazil,Instagram,
205,20200000.0,United States,Instagram,
206,20200000.0,India,Instagram,
207,20000000.0,United States,Instagram,
208,20000000.0,Varios,Instagram,
209,20000000.0,India,Instagram,
210,20000000.0,India,Instagram,
211,20000000.0,India,Instagram,
212,19800000.0,Russia,Instagram,
213,19800000.0,India,Instagram,
214,19800000.0,United States,Instagram,
215,19800000.0,Varios,Instagram,
216,19800000.0,United States,Instagram,
217,19800000.0,United States,Instagram,
218,19800000.0,United States,Instagram,
219,19800000.0,India,Instagram,
220,19600000.0,Indonesia,Instagram,
221,19600000.0,United States,Instagram,
222,19400000.0,Pakistan,Instagram,
223,19400000.0,United States,Instagram,
224,19400000.0,United States,Instagram,
225,19200000.0,United States,Instagram,
226,19200000.0,Brazil,Instagram,
227,19200000.0,United States,Instagram,
228,19200000.0,Saudi Arabia,Instagram,
229,19100000.0,India,Instagram,
230,19100000.0,Iraq,Instagram,
231,19000000.0,India,Instagram,
232,19000000.0,Mexico,Instagram,
233,19000000.0,India,Instagram,
234,19000000.0,United States,Instagram,
235,18800000.0,Varios,Instagram,
236,18800000.0,United States,Instagram,
237,18800000.0,United States,Instagram,
238,18800000.0,Mexico,Instagram,
239,18800000.0,United States,Instagram,
240,18800000.0,India,Instagram,
241,18600000.0,Spain,Instagram,
242,18600000.0,India,Instagram,
243,18600000.0,Brazil,Instagram,
244,18500000.0,Brazil,Instagram,
245,18400000.0,Varios,Instagram,
246,18400000.0,United States,Instagram,
247,18400000.0,United States,Instagram,
248,18400000.0,United States,Instagram,
249,18400000.0,Brazil,Instagram,
250,18200000.0,United States,Instagram,
251,18200000.0,United States,Instagram,
252,18200000.0,United States,Instagram,
253,18200000.0,Pakistan,Instagram,
254,18200000.0,Varios,Instagram,
255,18100000.0,Philippines,Instagram,
256,18100000.0,Indonesia,Instagram,
257,18100000.0,Varios,Instagram,
258,18000000.0,Varios,Instagram,
259,18000000.0,Varios,Instagram,
260,18000000.0,Russia,Instagram,
261,18000000.0,India,Instagram,
262,18000000.0,Varios,Instagram,
263,18000000.0,Varios,Instagram,
264,18000000.0,Indonesia,Instagram,
265,17800000.0,Brazil,Instagram,
266,17800000.0,Varios,Instagram,
267,17800000.0,Brazil,Instagram,
268,17800000.0,Varios,Instagram,
269,17800000.0,Philippines,Instagram,
270,17700000.0,United States,Instagram,
271,17600000.0,United States,Instagram,
272,17600000.0,United States,Instagram,
273,17600000.0,Varios,Instagram,
274,17500000.0,India,Instagram,
275,17500000.0,Varios,Instagram,
276,17500000.0,Spain,Instagram,
277,17500000.0,Varios,Instagram,
278,17500000.0,United States,Instagram,
279,17500000.0,Russia,Instagram,
280,17500000.0,United States,Instagram,
281,17500000.0,United States,Instagram,
282,17500000.0,Mexico,Instagram,
283,17500000.0,Indonesia,Instagram,
284,17500000.0,Russia,Instagram,
285,17300000.0,India,Instagram,
286,17300000.0,Varios,Instagram,
287,17300000.0,Indonesia,Instagram,
288,17300000.0,Thailand,Instagram,
289,17300000.0,India,Instagram,
290,17300000.0,India,Instagram,
291,17300000.0,United States,Instagram,
292,17300000.0,Russia,Instagram,
293,17300000.0,Brazil,Instagram,
294,17100000.0,Varios,Instagram,
295,17100000.0,Mexico,Instagram,
296,17100000.0,Indonesia,Instagram,
297,17100000.0,Colombia,Instagram,
298,17100000.0,Varios,Instagram,
299,16900000.0,Russia,Instagram,
300,16900000.0,India,Instagram,
301,16900000.0,Argentina,Instagram,
302,16900000.0,United States,Instagram,
303,16900000.0,Varios,Instagram,
304,16900000.0,Varios,Instagram,
305,16900000.0,France,Instagram,
306,16700000.0,Varios,Instagram,
307,16700000.0,Varios,Instagram,
308,16700000.0,United States,Instagram,
309,16700000.0,Iraq,Instagram,
310,16700000.0,Varios,Instagram,
311,16700000.0,Thailand,Instagram,
312,16500000.0,United States,Instagram,
313,16500000.0,India,Instagram,
314,16500000.0,United States,Instagram,
315,16500000.0,United States,Instagram,
316,16500000.0,Mexico,Instagram,
317,16500000.0,Mexico,Instagram,
318,16500000.0,United States,Instagram,
319,16399999.999999998,United States,Instagram,
320,16399999.999999998,India,Instagram,
321,16399999.999999998,Algeria,Instagram,
322,16399999.999999998,Mexico,Instagram,
323,16300000.0,Varios,Instagram,
324,16300000.0,India,Instagram,
325,16300000.0,Russia,Instagram,
326,16300000.0,Brazil,Instagram,
327,16300000.0,Mexico,Instagram,
328,16200000.0,Mexico,Instagram,
329,16100000.000000002,United States,Instagram,
330,16100000.000000002,Brazil,Instagram,
331,16100000.000000002,United States,Instagram,
332,16100000.000000002,Brazil,Instagram,
333,16100000.000000002,Colombia,Instagram,
334,16100000.000000002,Brazil,Instagram,
335,16100000.000000002,Mexico,Instagram,
336,15900000.0,Thailand,Instagram,
337,15900000.0,United States,Instagram,
338,15900000.0,United States,Instagram,
339,15800000.0,India,Instagram,
340,15700000.0,Thailand,Instagram,
341,15700000.0,Varios,Instagram,
342,15700000.0,Brazil,Instagram,
343,15700000.0,United States,Instagram,
344,15700000.0,Varios,Instagram,
345,15700000.0,United States,Instagram,
346,15700000.0,Brazil,Instagram,
347,15700000.0,United States,Instagram,
348,15700000.0,United States,Instagram,
349,15700000.0,United States,Instagram,
350,15600000.0,Indonesia,Instagram,
351,15600000.0,India,Instagram,
352,15500000.0,Indonesia,Instagram,
353,15500000.0,India,Instagram,
354,15500000.0,United States,Instagram,
355,15500000.0,United States,Instagram,
356,15500000.0,India,Instagram,
357,15500000.0,United States,Instagram,
358,15500000.0,India,Instagram,
359,15500000.0,Varios,Instagram,
360,15500000.0,Varios,Instagram,
361,15400000.0,Indonesia,Instagram,
362,15400000.0,Varios,Instagram,
363,15400000.0,India,Instagram,
364,15300000.0,United States,Instagram,
365,15300000.0,Indonesia,Instagram,
366,15300000.0,United States,Instagram,
367,15300000.0,United States,Instagram,
368,15300000.0,United States,Instagram,
369,15300000.0,Russia,Instagram,
370,15300000.0,Varios,Instagram,
371,15300000.0,Varios,Instagram,
372,15300000.0,Philippines,Instagram,
373,15300000.0,Varios,Instagram,
374,15300000.0,Varios,Instagram,
375,15100000.0,Brazil,Instagram,
376,15100000.0,Indonesia,Instagram,
377,15100000.0,United States,Instagram,
378,15100000.0,India,Instagram,
379,15100000.0,India,Instagram,
380,15100000.0,Brazil,Instagram,
381,15000000.0,India,Instagram,
382,15000000.0,Russia,Instagram,
383,15000000.0,United States,Instagram,
384,14900000.0,Egypt,Instagram,
385,14900000.0,United States,Instagram,
386,14900000.0,United States,Instagram,
387,14900000.0,Indonesia,Instagram,
388,14900000.0,Japan,Instagram,
389,14900000.0,Mexico,Instagram,
390,14900000.0,Philippines,Instagram,
391,14900000.0,Spain,Instagram,
392,14900000.0,United States,Instagram,
393,14700000.0,Brazil,Instagram,
394,14700000.0,United States,Instagram,
395,14700000.0,United States,Instagram,
396,14700000.0,Brazil,Instagram,
397,14700000.0,Brazil,Instagram,
398,14700000.0,Varios,Instagram,
399,14600000.0,United States,Instagram,
400,14600000.0,Bangladesh,Instagram,
401,14600000.0,Thailand,Instagram,
402,14600000.0,Varios,Instagram,
403,14500000.0,India,Instagram,
404,14500000.0,India,Instagram,
405,14500000.0,Philippines,Instagram,
406,14500000.0,India,Instagram,
407,14500000.0,Mexico,Instagram,
408,14500000.0,United Kingdom,Instagram,
409,14500000.0,Brazil,Instagram,
410,14500000.0,Varios,Instagram,
411,14500000.0,India,Instagram,
412,14500000.0,India,Instagram,
413,14500000.0,Brazil,Instagram,
414,14500000.0,United States,Instagram,
415,14500000.0,United States,Instagram,
416,14500000.0,Poland,Instagram,
417,14500000.0,Mexico,Instagram,
418,14500000.0,Egypt,Instagram,
419,14500000.0,United States,Instagram,
420,14400000.0,Brazil,Instagram,
421,14300000.0,India,Instagram,
422,14300000.0,Mexico,Instagram,
423,14300000.0,India,Instagram,
424,14300000.0,Varios,Instagram,
425,14300000.0,Thailand,Instagram,
426,14300000.0,United States,Instagram,
427,14300000.0,Mexico,Instagram,
428,14300000.0,United States,Instagram,
429,14300000.0,Brazil,Instagram,
430,14300000.0,United States,Instagram,
431,14300000.0,United States,Instagram,
432,14300000.0,United States,Instagram,
433,14200000.0,Brazil,Instagram,
434,14100000.0,Indonesia,Instagram,
435,14100000.0,Indonesia,Instagram,
436,14100000.0,United States,Instagram,
437,14100000.0,Brazil,Instagram,
438,14100000.0,India,Instagram,
439,14100000.0,United States,Instagram,
440,14100000.0,Brazil,Instagram,
441,14100000.0,Thailand,Instagram,
442,14100000.0,Mexico,Instagram,
443,14100000.0,Russia,Instagram,
444,14100000.0,Mexico,Instagram,
445,13900000.0,India,Instagram,
446,13900000.0,India,Instagram,
447,13900000.0,Varios,Instagram,
448,13900000.0,Indonesia,Instagram,
449,13900000.0,Brazil,Instagram,
450,13900000.0,Thailand,Instagram,
451,13900000.0,United States,Instagram,
452,13900000.0,Russia,Instagram,
453,13900000.0,Egypt,Instagram,
454,13900000.0,United Kingdom,Instagram,
455,13900000.0,India,Instagram,
456,13900000.0,Varios,Instagram,
457,13900000.0,United States,Instagram,
458,13900000.0,Thailand,Instagram,
459,13900000.0,India,Instagram,
460,13800000.0,India,Instagram,
461,13800000.0,Bangladesh,Instagram,
462,13700000.0,India,Instagram,
463,13700000.0,Egypt,Instagram,
464,13700000.0,United States,Instagram,
465,13700000.0,Brazil,Instagram,
466,13700000.0,Thailand,Instagram,
467,13700000.0,Mexico,Instagram,
468,13700000.0,Mexico,Instagram,
469,13700000.0,Thailand,Instagram,
470,13700000.0,Russia,Instagram,
471,13700000.0,Mexico,Instagram,
472,13600000.0,India,Instagram,
473,13500000.0,United States,Instagram,
474,13500000.0,Varios,Instagram,
475,13500000.0,India,Instagram,
476,13500000.0,United States,Instagram,
477,13500000.0,United States,Instagram,
478,13500000.0,Philippines,Instagram,
479,13500000.0,India,Instagram,
480,13500000.0,India,Instagram,
481,13500000.0,United States,Instagram,
482,13500000.0,United States,Instagram,
483,13500000.0,India,Instagram,
484,13400000.0,Philippines,Instagram,
485,13400000.0,United States,Instagram,
486,13300000.0,Brazil,Instagram,
487,13300000.0,India,Instagram,
488,13300000.0,India,Instagram,
489,13300000.0,United States,Instagram,
490,13300000.0,United States,Instagram,
491,13300000.0,Varios,Instagram,
492,13300000.0,Russia,Instagram,
493,13300000.0,Brazil,Instagram,
494,13300000.0,Varios,Instagram,
495,13300000.0,Varios,Instagram,
496,13300000.0,United States,Instagram,
497,13300000.0,India,Instagram,
498,13300000.0,Russia,Instagram,
499,13300000.0,Russia,Instagram,
500,13200000.0,Indonesia,Instagram,
501,13100000.0,Varios,Instagram,
502,13100000.0,United States,Instagram,
503,13100000.0,Argentina,Instagram,
504,13100000.0,Varios,Instagram,
505,13100000.0,United States,Instagram,
506,13100000.0,Varios,Instagram,
507,13100000.0,United States,Instagram,
508,13100000.0,United States,Instagram,
509,13100000.0,India,Instagram,
510,13100000.0,Iraq,Instagram,
511,13100000.0,Mexico,Instagram,
512,13100000.0,India,Instagram,
513,13100000.0,Mexico,Instagram,
514,13000000.0,United States,Instagram,
515,13000000.0,India,Instagram,
516,12900000.0,Varios,Instagram,
517,12900000.0,Indonesia,Instagram,
518,12900000.0,Brazil,Instagram,
519,12900000.0,Varios,Instagram,
520,12900000.0,United States,Instagram,
521,12900000.0,India,Instagram,
522,12900000.0,United States,Instagram,
523,12900000.0,United States,Instagram,
524,12900000.0,United States,Instagram,
525,12900000.0,Mexico,Instagram,
526,12900000.0,United States,Instagram,
527,12900000.0,Argentina,Instagram,
528,12800000.0,India,Instagram,
529,12700000.0,India,Instagram,
530,12700000.0,United States,Instagram,
531,12700000.0,United States,Instagram,
532,12700000.0,India,Instagram,
533,12700000.0,Brazil,Instagram,
534,12700000.0,United States,Instagram,
535,12700000.0,United States,Instagram,
536,12700000.0,Brazil,Instagram,
537,12700000.0,United States,Instagram,
538,12700000.0,United States,Instagram,
539,12700000.0,Russia,Instagram,
540,12700000.0,United States,Instagram,
541,12700000.0,United States,Instagram,
542,12700000.0,Mexico,Instagram,
543,12700000.0,Varios,Instagram,
544,12600000.0,India,Instagram,
545,12600000.0,India,Instagram,
546,12600000.0,Philippines,Instagram,
547,12600000.0,Brazil,Instagram,
548,12500000.0,India,Instagram,
549,12500000.0,India,Instagram,
550,12500000.0,India,Instagram,
551,12500000.0,Brazil,Instagram,
552,12500000.0,India,Instagram,
553,12500000.0,United States,Instagram,
554,12500000.0,United States,Instagram,
555,12500000.0,Varios,Instagram,
556,12500000.0,United States,Instagram,
557,12500000.0,India,Instagram,
558,12500000.0,United States,Instagram,
559,12500000.0,Indonesia,Instagram,
560,12500000.0,United States,Instagram,
561,12400000.0,United States,Instagram,
562,12400000.0,United States,Instagram,
563,12300000.0,Brazil,Instagram,
564,12300000.0,United States,Instagram,
565,12300000.0,India,Instagram,
566,12300000.0,India,Instagram,
567,12300000.0,Brazil,Instagram,
568,12300000.0,Singapore,Instagram,
569,12300000.0,United States,Instagram,
570,12300000.0,Brazil,Instagram,
571,12300000.0,India,Instagram,
572,12300000.0,Iraq,Instagram,
573,12300000.0,United States,Instagram,
574,12300000.0,United Kingdom,Instagram,
575,12300000.0,Mexico,Instagram,
576,12300000.0,Mexico,Instagram,
577,12300000.0,Brazil,Instagram,
578,12300000.0,Philippines,Instagram,
579,12300000.0,Mexico,Instagram,
580,12300000.0,Varios,Instagram,
581,12300000.0,Iraq,Instagram,
582,12300000.0,Brazil,Instagram,
583,12300000.0,United States,Instagram,
584,12300000.0,Brazil,Instagram,
585,12300000.0,Varios,Instagram,
586,12300000.0,Brazil,Instagram,
587,12100000.0,India,Instagram,
588,12100000.0,United States,Instagram,
589,12100000.0,Brazil,Instagram,
590,12100000.0,United States,Instagram,
591,12100000.0,United Kingdom,Instagram,
592,12100000.0,India,Instagram,
593,12100000.0,France,Instagram,
594,12100000.0,Varios,Instagram,
595,12100000.0,Indonesia,Instagram,
596,12100000.0,Varios,Instagram,
597,12000000.0,India,Instagram,
598,11900000.0,India,Instagram,
599,11900000.0,India,Instagram,
600,11900000.0,Varios,Instagram,
601,11900000.0,Brazil,Instagram,
602,11900000.0,Philippines,Instagram,
603,11900000.0,Varios,Instagram,
604,11900000.0,Varios,Instagram,
605,11900000.0,Saudi Arabia,Instagram,
606,11900000.0,United States,Instagram,
607,11900000.0,United States,Instagram,
608,11900000.0,Mexico,Instagram,
609,11900000.0,United States,Instagram,
610,11900000.0,India,Instagram,
611,11900000.0,Varios,Instagram,
612,11900000.0,United States,Instagram,
613,11900000.0,Colombia,Instagram,
614,11900000.0,India,Instagram,
615,11800000.0,India,Instagram,
616,11800000.0,Mexico,Instagram,
617,11800000.0,Varios,Instagram,
618,11800000.0,Russia,Instagram,
619,11700000.0,India,Instagram,
620,11700000.0,Mexico,Instagram,
621,11700000.0,Thailand,Instagram,
622,11700000.0,Indonesia,Instagram,
623,11700000.0,India,Instagram,
624,11700000.0,India,Instagram,
625,11700000.0,United States,Instagram,
626,11700000.0,Brazil,Instagram,
627,11700000.0,Varios,Instagram,
628,11700000.0,Russia,Instagram,
629,11700000.0,United States,Instagram,
630,11700000.0,United States,Instagram,
631,11700000.0,United States,Instagram,
632,11700000.0,United States,Instagram,
633,11700000.0,United States,Instagram,
634,11700000.0,United States,Instagram,
635,11700000.0,Varios,Instagram,
636,11700000.0,India,Instagram,
637,11700000.0,India,Instagram,
638,11600000.0,Colombia,Instagram,
639,11600000.0,United States,Instagram,
640,11600000.0,India,Instagram,
641,11600000.0,Indonesia,Instagram,
642,11500000.0,Mexico,Instagram,
643,11500000.0,United States,Instagram,
644,11500000.0,United States,Instagram,
645,11500000.0,Colombia,Instagram,
646,11500000.0,Mexico,Instagram,
647,11500000.0,India,Instagram,
648,11500000.0,United States,Instagram,
649,11500000.0,Varios,Instagram,
650,11500000.0,India,Instagram,
651,11500000.0,India,Instagram,
652,11500000.0,Saudi Arabia,Instagram,
653,11500000.0,United States,Instagram,
654,11500000.0,Brazil,Instagram,
655,11500000.0,United States,Instagram,
656,11500000.0,United States,Instagram,
657,11500000.0,India,Instagram,
658,11500000.0,Spain,Instagram,
659,11500000.0,India,Instagram,
660,11500000.0,India,Instagram,
661,11500000.0,India,Instagram,
662,11500000.0,India,Instagram,
663,11400000.0,India,Instagram,
664,11300000.0,Varios,Instagram,
665,11300000.0,Pakistan,Instagram,
666,11300000.0,Mexico,Instagram,
667,11300000.0,India,Instagram,
668,11300000.0,Mexico,Instagram,
669,11300000.0,Indonesia,Instagram,
670,11300000.0,Argentina,Instagram,
671,11300000.0,India,Instagram,
672,11300000.0,Brazil,Instagram,
673,11300000.0,United States,Instagram,
674,11300000.0,Varios,Instagram,
675,11300000.0,Egypt,Instagram,
676,11300000.0,Argentina,Instagram,
677,11300000.0,Varios,Instagram,
678,11300000.0,United States,Instagram,
679,11300000.0,Colombia,Instagram,
680,11300000.0,United States,Instagram,
681,11300000.0,Mexico,Instagram,
682,11300000.0,India,Instagram,
683,11300000.0,Philippines,Instagram,
684,11300000.0,India,Instagram,
685,11200000.0,United States,Instagram,
686,11200000.0,Varios,Instagram,
687,11200000.0,Indonesia,Instagram,
688,11200000.0,India,Instagram,
689,11100000.0,India,Instagram,
690,11100000.0,Peru,Instagram,
691,11100000.0,Egypt,Instagram,
692,11100000.0,United States,Instagram,
693,11100000.0,Russia,Instagram,
694,11100000.0,United States,Instagram,
695,11100000.0,United States,Instagram,
696,11100000.0,Russia,Instagram,
697,11100000.0,Varios,Instagram,
698,11100000.0,United States,Instagram,
699,11100000.0,United States,Instagram,
700,11100000.0,United States,Instagram,
701,11100000.0,Spain,Instagram,
702,11100000.0,United States,Instagram,
703,11100000.0,United States,Instagram,
704,11100000.0,Varios,Instagram,
705,11100000.0,United States,Instagram,
706,11100000.0,India,Instagram,
707,11100000.0,Iraq,Instagram,
708,11100000.0,United States,Instagram,
709,11100000.0,Varios,Instagram,
710,11100000.0,India,Instagram,
711,11100000.0,United States,Instagram,
712,11100000.0,Varios,Instagram,
713,11100000.0,Brazil,Instagram,
714,11100000.0,Varios,Instagram,
715,11000000.0,Argentina,Instagram,
716,10900000.0,Brazil,Instagram,
717,10900000.0,United States,Instagram,
718,10900000.0,India,Instagram,
719,10900000.0,India,Instagram,
720,10900000.0,United States,Instagram,
721,10900000.0,United States,Instagram,
722,10900000.0,United States,Instagram,
723,10900000.0,Varios,Instagram,
724,10900000.0,Varios,Instagram,
725,10900000.0,Varios,Instagram,
726,10900000.0,Varios,Instagram,
727,10900000.0,Russia,Instagram,
728,10900000.0,Varios,Instagram,
729,10900000.0,India,Instagram,
730,10900000.0,United States,Instagram,
731,10900000.0,United States,Instagram,
732,10900000.0,United States,Instagram,
733,10900000.0,United States,Instagram,
734,10900000.0,United States,Instagram,
735,10900000.0,Mexico,Instagram,
736,10900000.0,India,Instagram,
737,10900000.0,Mexico,Instagram,
738,10900000.0,India,Instagram,
739,10900000.0,Mexico,Instagram,
740,10900000.0,India,Instagram,
741,10900000.0,Brazil,Instagram,
742,10800000.0,India,Instagram,
743,10800000.0,Pakistan,Instagram,
744,10700000.0,Varios,Instagram,
745,10700000.0,India,Instagram,
746,10700000.0,Brazil,Instagram,
747,10700000.0,Brazil,Instagram,
748,10700000.0,Brazil,Instagram,
749,10700000.0,United States,Instagram,
750,10700000.0,Varios,Instagram,
751,10700000.0,Brazil,Instagram,
752,10700000.0,Varios,Instagram,
753,10700000.0,Varios,Instagram,
754,10700000.0,Varios,Instagram,
755,10700000.0,Varios,Instagram,
756,10700000.0,United States,Instagram,
757,10700000.0,United Kingdom,Instagram,
758,10700000.0,Japan,Instagram,
759,10700000.0,Varios,Instagram,
760,10700000.0,United States,Instagram,
761,10700000.0,United States,Instagram,
762,10700000.0,Mexico,Instagram,
763,10700000.0,India,Instagram,
764,10700000.0,United States,Instagram,
765,10700000.0,Varios,Instagram,
766,10700000.0,Varios,Instagram,
767,10700000.0,United States,Instagram,
768,10600000.0,Brazil,Instagram,
769,10600000.0,India,Instagram,
770,10500000.0,Indonesia,Instagram,
771,10500000.0,Cyprus,Instagram,
772,10500000.0,United States,Instagram,
773,10500000.0,United States,Instagram,
774,10500000.0,Peru,Instagram,
775,10500000.0,United States,Instagram,
776,10500000.0,United States,Instagram,
777,10500000.0,Mexico,Instagram,
778,10500000.0,Brazil,Instagram,
779,10500000.0,United States,Instagram,
780,10500000.0,United States,Instagram,
781,10500000.0,United States,Instagram,
782,10500000.0,Mexico,Instagram,
783,10500000.0,United States,Instagram,
784,10500000.0,Varios,Instagram,
785,10500000.0,United States,Instagram,
786,10500000.0,United States,Instagram,
787,10500000.0,United States,Instagram,
788,10500000.0,United States,Instagram,
789,10500000.0,Mexico,Instagram,
790,10500000.0,United States,Instagram,
791,10500000.0,India,Instagram,
792,10500000.0,Brazil,Instagram,
793,10500000.0,Varios,Instagram,
794,10500000.0,United States,Instagram,
795,10400000.0,India,Instagram,
796,10400000.0,Morocco,Instagram,
797,10300000.0,Egypt,Instagram,
798,10300000.0,Brazil,Instagram,
799,10300000.0,Varios,Instagram,
800,10300000.0,Brazil,Instagram,
801,10300000.0,Bangladesh,Instagram,
802,10300000.0,United States,Instagram,
803,10300000.0,Brazil,Instagram,
804,10300000.0,India,Instagram,
805,10300000.0,Brazil,Instagram,
806,10300000.0,United States,Instagram,
807,10300000.0,United States,Instagram,
808,10300000.0,United States,Instagram,
809,10300000.0,India,Instagram,
810,10300000.0,Varios,Instagram,
811,10300000.0,United States,Instagram,
812,10300000.0,Algeria,Instagram,
813,10300000.0,United States,Instagram,
814,10300000.0,Indonesia,Instagram,
815,10300000.0,Varios,Instagram,
816,10300000.0,United States,Instagram,
817,10300000.0,Mexico,Instagram,
818,10300000.0,India,Instagram,
819,10200000.0,India,Instagram,
820,10200000.0,India,Instagram,
821,10200000.0,Brazil,Instagram,
822,10200000.0,Russia,Instagram,
823,10100000.0,India,Instagram,
824,10100000.0,Morocco,Instagram,
825,10100000.0,United States,Instagram,
826,10100000.0,Brazil,Instagram,
827,10100000.0,Algeria,Instagram,
828,10100000.0,United States,Instagram,
829,10100000.0,India,Instagram,
830,10100000.0,United States,Instagram,
831,10100000.0,Mexico,Instagram,
832,10100000.0,Mexico,Instagram,
833,10100000.0,Mexico,Instagram,
834,10100000.0,Varios,Instagram,
835,10100000.0,United States,Instagram,
836,10100000.0,India,Instagram,
837,10100000.0,Japan,Instagram,
838,10100000.0,India,Instagram,
839,10100000.0,India,Instagram,
840,10100000.0,Varios,Instagram,
841,10100000.0,India,Instagram,
842,10100000.0,Brazil,Instagram,
843,10100000.0,United States,Instagram,
844,10100000.0,Russia,Instagram,
845,10100000.0,Turkey,Instagram,
846,10100000.0,India,Instagram,
847,10100000.0,Varios,Instagram,
848,10100000.0,United States,Instagram,
849,10100000.0,India,Instagram,
850,10100000.0,Russia,Instagram,
851,10100000.0,Mexico,Instagram,
852,10100000.0,India,Instagram,
853,10100000.0,India,Instagram,
854,10100000.0,Varios,Instagram,
855,10100000.0,Brazil,Instagram,
856,10100000.0,India,Instagram,
857,10000000.0,Varios,Instagram,
858,10000000.0,India,Instagram,
859,10000000.0,Varios,Instagram,
860,10000000.0,United States,Instagram,
861,10000000.0,United States,Instagram,
862,9900000.0,United States,Instagram,
863,9900000.0,United States,Instagram,
864,9900000.0,United States,Instagram,
865,9900000.0,Brazil,Instagram,
866,9900000.0,Varios,Instagram,
867,9900000.0,Mexico,Instagram,
868,9900000.0,India,Instagram,
869,9900000.0,Saudi Arabia,Instagram,
870,9900000.0,United States,Instagram,
871,9900000.0,United States,Instagram,
872,9900000.0,United States,Instagram,
873,9900000.0,India,Instagram,
874,9900000.0,Varios,Instagram,
875,9900000.0,United States,Instagram,
876,9900000.0,India,Instagram,
877,9900000.0,India,Instagram,
878,9800000.0,India,Instagram,
879,9800000.0,United States,Instagram,
880,9800000.0,India,Instagram,
881,9800000.0,India,Instagram,
882,9800000.0,United States,Instagram,
883,9800000.0,United States,Instagram,
884,9800000.0,Brazil,Instagram,
885,9800000.0,Brazil,Instagram,
886,9800000.0,United States,Instagram,
887,9800000.0,Russia,Instagram,
888,9800000.0,Philippines,Instagram,
889,9800000.0,Brazil,Instagram,
890,9800000.0,United States,Instagram,
891,9800000.0,Russia,Instagram,
892,9800000.0,United States,Instagram,
893,9800000.0,Varios,Instagram,
894,9700000.0,Varios,Instagram,
895,9700000.0,United States,Instagram,
896,9700000.0,Egypt,Instagram,
897,9700000.0,United States,Instagram,
898,9700000.0,Indonesia,Instagram,
899,9700000.0,Russia,Instagram,
900,9700000.0,Indonesia,Instagram,
901,9700000.0,Varios,Instagram,
902,9700000.0,Iraq,Instagram,
903,9700000.0,India,Instagram,
904,9700000.0,Brazil,Instagram,
905,9700000.0,Varios,Instagram,
906,9700000.0,Thailand,Instagram,
907,9700000.0,United States,Instagram,
908,9700000.0,Russia,Instagram,
909,9700000.0,India,Instagram,
910,9600000.0,United States,Instagram,
911,9600000.0,Mexico,Instagram,
912,9600000.0,Turkey,Instagram,
913,9600000.0,Varios,Instagram,
914,9600000.0,United States,Instagram,
915,9600000.0,Varios,Instagram,
916,9600000.0,Varios,Instagram,
917,9600000.0,United States,Instagram,
918,9600000.0,India,Instagram,
919,9600000.0,Brazil,Instagram,
920,9600000.0,India,Instagram,
921,9600000.0,India,Instagram,
922,9600000.0,United States,Instagram,
923,9600000.0,Mexico,Instagram,
924,9600000.0,Brazil,Instagram,
925,9600000.0,United States,Instagram,
926,9600000.0,India,Instagram,
927,9600000.0,Brazil,Instagram,
928,9500000.0,Mexico,Instagram,
929,9500000.0,Mexico,Instagram,
930,9500000.0,United States,Instagram,
931,9500000.0,India,Instagram,
932,9500000.0,United States,Instagram,
933,9500000.0,Varios,Instagram,
934,9500000.0,United States,Instagram,
935,9500000.0,Philippines,Instagram,
936,9500000.0,Brazil,Instagram,
937,9500000.0,United States,Instagram,
938,9500000.0,United States,Instagram,
939,9500000.0,Iraq,Instagram,
940,9500000.0,United States,Instagram,
941,9500000.0,India,Instagram,
942,9500000.0,United States,Instagram,
943,9500000.0,India,Instagram,
944,9500000.0,Indonesia,Instagram,
945,9500000.0,Brazil,Instagram,
946,9500000.0,Colombia,Instagram,
947,9400000.0,Brazil,Instagram,
948,9400000.0,United States,Instagram,
949,9400000.0,India,Instagram,
950,9400000.0,India,Instagram,
951,9400000.0,Varios,Instagram,
952,9400000.0,United States,Instagram,
953,9400000.0,United States,Instagram,
954,9400000.0,United States,Instagram,
955,9400000.0,Brazil,Instagram,
956,9400000.0,United States,Instagram,
957,9400000.0,India,Instagram,
958,9400000.0,India,Instagram,
959,9400000.0,United States,Instagram,
960,9400000.0,United States,Instagram,
961,9400000.0,Colombia,Instagram,
962,9400000.0,Indonesia,Instagram,
963,9400000.0,Varios,Instagram,
964,9400000.0,Varios,Instagram,
965,9300000.0,Indonesia,Instagram,
966,9300000.0,United States,Instagram,
967,9300000.0,Varios,Instagram,
968,9300000.0,India,Instagram,
969,9300000.0,Russia,Instagram,
970,9300000.0,Russia,Instagram,
971,9300000.0,Varios,Instagram,
972,9300000.0,Thailand,Instagram,
973,9300000.0,India,Instagram,
974,9300000.0,Indonesia,Instagram,
975,9300000.0,Brazil,Instagram,
976,9300000.0,United States,Instagram,
977,9300000.0,India,Instagram,
978,9300000.0,Varios,Instagram,
979,9300000.0,Mexico,Instagram,
980,9300000.0,Iraq,Instagram,
981,9300000.0,United States,Instagram,
982,9300000.0,United States,Instagram,
983,9300000.0,Mexico,Instagram,
984,9300000.0,United States,Instagram,
985,9200000.0,Indonesia,Instagram,
986,9200000.0,United States,Instagram,
987,9200000.0,United States,Instagram,
988,9200000.0,India,Instagram,
989,9200000.0,United States,Instagram,
990,9200000.0,United States,Instagram,
991,9200000.0,India,Instagram,
992,9200000.0,United States,Instagram,
993,9200000.0,Varios,Instagram,
994,9200000.0,United States,Instagram,
995,9200000.0,Brazil,Instagram,
996,9200000.0,Brazil,Instagram,
997,9200000.0,United States,Instagram,
998,9200000.0,India,Instagram,
999,9200000.0,Brazil,Instagram,
0,,India,Youtube,212100000.0
1,,Varios,Youtube,132100000.0
2,,India,Youtube,130400000.0
3,,United States,Youtube,111400000.0
4,,United States,Youtube,92500000.0
5,,Varios,Youtube,92400000.0
6,,Varios,Youtube,90100000.0
7,,United States,Youtube,86900000.0
8,,India,Youtube,82700000.0
9,,Varios,Youtube,80400000.0
10,,United States,Youtube,76200000.0
11,,United States,Youtube,68100000.0
12,,India,Youtube,67900000.0
13,,Brazil,Youtube,65500000.0
14,,United States,Youtube,65000000.0
15,,India,Youtube,64900000.00000001
16,,United States,Youtube,64700000.0
17,,India,Youtube,61500000.0
18,,India,Youtube,59200000.0
19,,United States,Youtube,57400000.0
20,,Varios,Youtube,56600000.0
21,,Varios,Youtube,55200000.0
22,,United States,Youtube,55000000.0
23,,India,Youtube,51500000.0
24,,India,Youtube,51200000.0
25,,India,Youtube,50900000.0
26,,India,Youtube,50300000.0
27,,India,Youtube,49900000.0
28,,Varios,Youtube,48900000.0
29,,Varios,Youtube,48700000.0
30,,India,Youtube,48300000.0
31,,Mexico,Youtube,45500000.0
32,,Mexico,Youtube,45500000.0
33,,India,Youtube,45300000.0
34,,United States,Youtube,45100000.0
35,,Brazil,Youtube,44000000.0
36,,Brazil,Youtube,43800000.0
37,,United States,Youtube,43200000.0
38,,United States,Youtube,42600000.0
39,,Brazil,Youtube,42600000.0
40,,India,Youtube,42600000.0
41,,United States,Youtube,41600000.0
42,,India,Youtube,41200000.0
43,,Varios,Youtube,40800000.0
44,,India,Youtube,40000000.0
45,,Russia,Youtube,39000000.0
46,,Philippines,Youtube,38800000.0
47,,Varios,Youtube,38700000.0
48,,Mexico,Youtube,38400000.0
49,,Varios,Youtube,38400000.0
50,,United States,Youtube,38200000.0
51,,Varios,Youtube,37400000.0
52,,Brazil,Youtube,37200000.0
53,,Brazil,Youtube,37100000.0
54,,India,Youtube,36500000.0
55,,Mexico,Youtube,36000000.0
56,,India,Youtube,35800000.0
57,,Argentina,Youtube,35800000.0
58,,India,Youtube,35800000.0
59,,Thailand,Youtube,35600000.0
60,,Varios,Youtube,35100000.0
61,,France,Youtube,34900000.0
62,,Varios,Youtube,34500000.0
63,,Varios,Youtube,33700000.0
64,,India,Youtube,33700000.0
65,,Colombia,Youtube,33300000.0
66,,Thailand,Youtube,33300000.0
67,,Mexico,Youtube,32900000.0
68,,Varios,Youtube,32800000.0
69,,United States,Youtube,32800000.0
70,,India,Youtube,32700000.000000004
71,,United States,Youtube,32500000.0
72,,Varios,Youtube,32300000.0
73,,Varios,Youtube,32100000.0
74,,India,Youtube,32100000.0
75,,United States,Youtube,32100000.0
76,,India,Youtube,32100000.0
77,,India,Youtube,31900000.0
78,,India,Youtube,31700000.0
79,,Varios,Youtube,31500000.0
80,,India,Youtube,31500000.0
81,,India,Youtube,31300000.0
82,,United States,Youtube,31000000.0
83,,Mexico,Youtube,30900000.0
84,,Mexico,Youtube,30900000.0
85,,India,Youtube,30900000.0
86,,Thailand,Youtube,30700000.0
87,,United States,Youtube,30500000.0
88,,India,Youtube,30500000.0
89,,United States,Youtube,30500000.0
90,,India,Youtube,30500000.0
91,,Varios,Youtube,30400000.0
92,,India,Youtube,30300000.0
93,,United States,Youtube,30200000.0
94,,India,Youtube,30100000.0
95,,Varios,Youtube,29700000.0
96,,Indonesia,Youtube,29700000.0
97,,Brazil,Youtube,29700000.0
98,,Indonesia,Youtube,29600000.0
99,,United States,Youtube,29500000.0
100,,United States,Youtube,29300000.0
101,,India,Youtube,28900000.0
102,,India,Youtube,28800000.0
103,,Pakistan,Youtube,28600000.0
104,,United States,Youtube,28500000.0
105,,United States,Youtube,28300000.0
106,,United States,Youtube,28200000.0
107,,Varios,Youtube,28100000.0
108,,United States,Youtube,27700000.0
109,,United States,Youtube,27500000.0
110,,United States,Youtube,27500000.0
111,,United States,Youtube,27400000.0
112,,Varios,Youtube,27300000.0
113,,Varios,Youtube,26900000.0
114,,Varios,Youtube,26900000.0
115,,Pakistan,Youtube,26900000.0
116,,India,Youtube,26700000.0
117,,India,Youtube,26600000.0
118,,United States,Youtube,26500000.0
119,,Varios,Youtube,26500000.0
120,,Mexico,Youtube,26500000.0
121,,Philippines,Youtube,26400000.0
122,,Varios,Youtube,26200000.0
123,,United States,Youtube,26100000.0
124,,United States,Youtube,26000000.0
125,,Varios,Youtube,25800000.0
126,,United States,Youtube,25800000.0
127,,United States,Youtube,25600000.0
128,,Ecuador,Youtube,25600000.0
129,,Varios,Youtube,25600000.0
130,,Mexico,Youtube,25400000.0
131,,India,Youtube,25300000.0
132,,India,Youtube,25200000.0
133,,India,Youtube,25200000.0
134,,Varios,Youtube,25000000.0
135,,United States,Youtube,25000000.0
136,,Brazil,Youtube,24800000.0
137,,Iraq,Youtube,24700000.0
138,,India,Youtube,24500000.0
139,,Varios,Youtube,24500000.0
140,,United States,Youtube,24400000.0
141,,Varios,Youtube,24400000.0
142,,Varios,Youtube,24400000.0
143,,Indonesia,Youtube,24400000.0
144,,United States,Youtube,24400000.0
145,,India,Youtube,24300000.0
146,,United States,Youtube,24200000.0
147,,Varios,Youtube,24200000.0
148,,United States,Youtube,24200000.0
149,,Brazil,Youtube,24000000.0
150,,Varios,Youtube,24000000.0
151,,Varios,Youtube,23800000.0
152,,United States,Youtube,23800000.0
153,,India,Youtube,23600000.0
154,,United States,Youtube,23400000.0
155,,Indonesia,Youtube,23400000.0
156,,United States,Youtube,23200000.0
157,,United States,Youtube,23200000.0
158,,United States,Youtube,23000000.0
159,,Varios,Youtube,23000000.0
160,,Philippines,Youtube,23000000.0
161,,Varios,Youtube,22800000.0
162,,United States,Youtube,22800000.0
163,,United States,Youtube,22800000.0
164,,Varios,Youtube,22600000.0
165,,Russia,Youtube,22600000.0
166,,Brazil,Youtube,22500000.0
167,,Varios,Youtube,22400000.0
168,,Mexico,Youtube,22400000.0
169,,India,Youtube,22400000.0
170,,India,Youtube,22300000.0
171,,India,Youtube,22300000.0
172,,Varios,Youtube,22200000.0
173,,United States,Youtube,22200000.0
174,,Turkey,Youtube,22000000.0
175,,India,Youtube,22000000.0
176,,Varios,Youtube,21800000.0
177,,Thailand,Youtube,21700000.0
178,,Colombia,Youtube,21600000.0
179,,Saudi Arabia,Youtube,21600000.0
180,,Russia,Youtube,21400000.0
181,,India,Youtube,21400000.0
182,,Varios,Youtube,21400000.0
183,,Indonesia,Youtube,21200000.0
184,,United States,Youtube,21000000.0
185,,India,Youtube,21000000.0
186,,United States,Youtube,21000000.0
187,,Varios,Youtube,21000000.0
188,,United States,Youtube,20800000.0
189,,India,Youtube,20800000.0
190,,United States,Youtube,20800000.0
191,,Brazil,Youtube,20700000.0
192,,India,Youtube,20600000.0
193,,Varios,Youtube,20600000.0
194,,India,Youtube,20600000.0
195,,Varios,Youtube,20600000.0
196,,India,Youtube,20600000.0
197,,Varios,Youtube,20600000.0
198,,India,Youtube,20500000.0
199,,United States,Youtube,20400000.0
200,,United States,Youtube,20400000.0
201,,Indonesia,Youtube,20400000.0
202,,United States,Youtube,20400000.0
203,,Varios,Youtube,20400000.0
204,,Brazil,Youtube,20200000.0
205,,United States,Youtube,20200000.0
206,,India,Youtube,20200000.0
207,,United States,Youtube,20000000.0
208,,Varios,Youtube,20000000.0
209,,India,Youtube,20000000.0
210,,India,Youtube,20000000.0
211,,India,Youtube,20000000.0
212,,Russia,Youtube,19800000.0
213,,India,Youtube,19800000.0
214,,United States,Youtube,19800000.0
215,,Varios,Youtube,19800000.0
216,,United States,Youtube,19800000.0
217,,United States,Youtube,19800000.0
218,,United States,Youtube,19800000.0
219,,India,Youtube,19800000.0
220,,Indonesia,Youtube,19600000.0
221,,United States,Youtube,19600000.0
222,,Pakistan,Youtube,19400000.0
223,,United States,Youtube,19400000.0
224,,United States,Youtube,19400000.0
225,,United States,Youtube,19200000.0
226,,Brazil,Youtube,19200000.0
227,,United States,Youtube,19200000.0
228,,Saudi Arabia,Youtube,19200000.0
229,,India,Youtube,19100000.0
230,,Iraq,Youtube,19100000.0
231,,India,Youtube,19000000.0
232,,Mexico,Youtube,19000000.0
233,,India,Youtube,19000000.0
234,,United States,Youtube,19000000.0
235,,Varios,Youtube,18800000.0
236,,United States,Youtube,18800000.0
237,,United States,Youtube,18800000.0
238,,Mexico,Youtube,18800000.0
239,,United States,Youtube,18800000.0
240,,India,Youtube,18800000.0
241,,Spain,Youtube,18600000.0
242,,India,Youtube,18600000.0
243,,Brazil,Youtube,18600000.0
244,,Brazil,Youtube,18500000.0
245,,Varios,Youtube,18400000.0
246,,United States,Youtube,18400000.0
247,,United States,Youtube,18400000.0
248,,United States,Youtube,18400000.0
249,,Brazil,Youtube,18400000.0
250,,United States,Youtube,18200000.0
251,,United States,Youtube,18200000.0
252,,United States,Youtube,18200000.0
253,,Pakistan,Youtube,18200000.0
254,,Varios,Youtube,18200000.0
255,,Philippines,Youtube,18100000.0
256,,Indonesia,Youtube,18100000.0
257,,Varios,Youtube,18100000.0
258,,Varios,Youtube,18000000.0
259,,Varios,Youtube,18000000.0
260,,Russia,Youtube,18000000.0
261,,India,Youtube,18000000.0
262,,Varios,Youtube,18000000.0
263,,Varios,Youtube,18000000.0
264,,Indonesia,Youtube,18000000.0
265,,Brazil,Youtube,17800000.0
266,,Varios,Youtube,17800000.0
267,,Brazil,Youtube,17800000.0
268,,Varios,Youtube,17800000.0
269,,Philippines,Youtube,17800000.0
270,,United States,Youtube,17700000.0
271,,United States,Youtube,17600000.0
272,,United States,Youtube,17600000.0
273,,Varios,Youtube,17600000.0
274,,India,Youtube,17500000.0
275,,Varios,Youtube,17500000.0
276,,Spain,Youtube,17500000.0
277,,Varios,Youtube,17500000.0
278,,United States,Youtube,17500000.0
279,,Russia,Youtube,17500000.0
280,,United States,Youtube,17500000.0
281,,United States,Youtube,17500000.0
282,,Mexico,Youtube,17500000.0
283,,Indonesia,Youtube,17500000.0
284,,Russia,Youtube,17500000.0
285,,India,Youtube,17300000.0
286,,Varios,Youtube,17300000.0
287,,Indonesia,Youtube,17300000.0
288,,Thailand,Youtube,17300000.0
289,,India,Youtube,17300000.0
290,,India,Youtube,17300000.0
291,,United States,Youtube,17300000.0
292,,Russia,Youtube,17300000.0
293,,Brazil,Youtube,17300000.0
294,,Varios,Youtube,17100000.0
295,,Mexico,Youtube,17100000.0
296,,Indonesia,Youtube,17100000.0
297,,Colombia,Youtube,17100000.0
298,,Varios,Youtube,17100000.0
299,,Russia,Youtube,16900000.0
300,,India,Youtube,16900000.0
301,,Argentina,Youtube,16900000.0
302,,United States,Youtube,16900000.0
303,,Varios,Youtube,16900000.0
304,,Varios,Youtube,16900000.0
305,,France,Youtube,16900000.0
306,,Varios,Youtube,16700000.0
307,,Varios,Youtube,16700000.0
308,,United States,Youtube,16700000.0
309,,Iraq,Youtube,16700000.0
310,,Varios,Youtube,16700000.0
311,,Thailand,Youtube,16700000.0
312,,United States,Youtube,16500000.0
313,,India,Youtube,16500000.0
314,,United States,Youtube,16500000.0
315,,United States,Youtube,16500000.0
316,,Mexico,Youtube,16500000.0
317,,Mexico,Youtube,16500000.0
318,,United States,Youtube,16500000.0
319,,United States,Youtube,16399999.999999998
320,,India,Youtube,16399999.999999998
321,,Algeria,Youtube,16399999.999999998
322,,Mexico,Youtube,16399999.999999998
323,,Varios,Youtube,16300000.0
324,,India,Youtube,16300000.0
325,,Russia,Youtube,16300000.0
326,,Brazil,Youtube,16300000.0
327,,Mexico,Youtube,16300000.0
328,,Mexico,Youtube,16200000.0
329,,United States,Youtube,16100000.000000002
330,,Brazil,Youtube,16100000.000000002
331,,United States,Youtube,16100000.000000002
332,,Brazil,Youtube,16100000.000000002
333,,Colombia,Youtube,16100000.000000002
334,,Brazil,Youtube,16100000.000000002
335,,Mexico,Youtube,16100000.000000002
336,,Thailand,Youtube,15900000.0
337,,United States,Youtube,15900000.0
338,,United States,Youtube,15900000.0
339,,India,Youtube,15800000.0
340,,Thailand,Youtube,15700000.0
341,,Varios,Youtube,15700000.0
342,,Brazil,Youtube,15700000.0
343,,United States,Youtube,15700000.0
344,,Varios,Youtube,15700000.0
345,,United States,Youtube,15700000.0
346,,Brazil,Youtube,15700000.0
347,,United States,Youtube,15700000.0
348,,United States,Youtube,15700000.0
349,,United States,Youtube,15700000.0
350,,Indonesia,Youtube,15600000.0
351,,India,Youtube,15600000.0
352,,Indonesia,Youtube,15500000.0
353,,India,Youtube,15500000.0
354,,United States,Youtube,15500000.0
355,,United States,Youtube,15500000.0
356,,India,Youtube,15500000.0
357,,United States,Youtube,15500000.0
358,,India,Youtube,15500000.0
359,,Varios,Youtube,15500000.0
360,,Varios,Youtube,15500000.0
361,,Indonesia,Youtube,15400000.0
362,,Varios,Youtube,15400000.0
363,,India,Youtube,15400000.0
364,,United States,Youtube,15300000.0
365,,Indonesia,Youtube,15300000.0
366,,United States,Youtube,15300000.0
367,,United States,Youtube,15300000.0
368,,United States,Youtube,15300000.0
369,,Russia,Youtube,15300000.0
370,,Varios,Youtube,15300000.0
371,,Varios,Youtube,15300000.0
372,,Philippines,Youtube,15300000.0
373,,Varios,Youtube,15300000.0
374,,Varios,Youtube,15300000.0
375,,Brazil,Youtube,15100000.0
376,,Indonesia,Youtube,15100000.0
377,,United States,Youtube,15100000.0
378,,India,Youtube,15100000.0
379,,India,Youtube,15100000.0
380,,Brazil,Youtube,15100000.0
381,,India,Youtube,15000000.0
382,,Russia,Youtube,15000000.0
383,,United States,Youtube,15000000.0
384,,Egypt,Youtube,14900000.0
385,,United States,Youtube,14900000.0
386,,United States,Youtube,14900000.0
387,,Indonesia,Youtube,14900000.0
388,,Japan,Youtube,14900000.0
389,,Mexico,Youtube,14900000.0
390,,Philippines,Youtube,14900000.0
391,,Spain,Youtube,14900000.0
392,,United States,Youtube,14900000.0
393,,Brazil,Youtube,14700000.0
394,,United States,Youtube,14700000.0
395,,United States,Youtube,14700000.0
396,,Brazil,Youtube,14700000.0
397,,Brazil,Youtube,14700000.0
398,,Varios,Youtube,14700000.0
399,,United States,Youtube,14600000.0
400,,Bangladesh,Youtube,14600000.0
401,,Thailand,Youtube,14600000.0
402,,Varios,Youtube,14600000.0
403,,India,Youtube,14500000.0
404,,India,Youtube,14500000.0
405,,Philippines,Youtube,14500000.0
406,,India,Youtube,14500000.0
407,,Mexico,Youtube,14500000.0
408,,United Kingdom,Youtube,14500000.0
409,,Brazil,Youtube,14500000.0
410,,Varios,Youtube,14500000.0
411,,India,Youtube,14500000.0
412,,India,Youtube,14500000.0
413,,Brazil,Youtube,14500000.0
414,,United States,Youtube,14500000.0
415,,United States,Youtube,14500000.0
416,,Poland,Youtube,14500000.0
417,,Mexico,Youtube,14500000.0
418,,Egypt,Youtube,14500000.0
419,,United States,Youtube,14500000.0
420,,Brazil,Youtube,14400000.0
421,,India,Youtube,14300000.0
422,,Mexico,Youtube,14300000.0
423,,India,Youtube,14300000.0
424,,Varios,Youtube,14300000.0
425,,Thailand,Youtube,14300000.0
426,,United States,Youtube,14300000.0
427,,Mexico,Youtube,14300000.0
428,,United States,Youtube,14300000.0
429,,Brazil,Youtube,14300000.0
430,,United States,Youtube,14300000.0
431,,United States,Youtube,14300000.0
432,,United States,Youtube,14300000.0
433,,Brazil,Youtube,14200000.0
434,,Indonesia,Youtube,14100000.0
435,,Indonesia,Youtube,14100000.0
436,,United States,Youtube,14100000.0
437,,Brazil,Youtube,14100000.0
438,,India,Youtube,14100000.0
439,,United States,Youtube,14100000.0
440,,Brazil,Youtube,14100000.0
441,,Thailand,Youtube,14100000.0
442,,Mexico,Youtube,14100000.0
443,,Russia,Youtube,14100000.0
444,,Mexico,Youtube,14100000.0
445,,India,Youtube,13900000.0
446,,India,Youtube,13900000.0
447,,Varios,Youtube,13900000.0
448,,Indonesia,Youtube,13900000.0
449,,Brazil,Youtube,13900000.0
450,,Thailand,Youtube,13900000.0
451,,United States,Youtube,13900000.0
452,,Russia,Youtube,13900000.0
453,,Egypt,Youtube,13900000.0
454,,United Kingdom,Youtube,13900000.0
455,,India,Youtube,13900000.0
456,,Varios,Youtube,13900000.0
457,,United States,Youtube,13900000.0
458,,Thailand,Youtube,13900000.0
459,,India,Youtube,13900000.0
460,,India,Youtube,13800000.0
461,,Bangladesh,Youtube,13800000.0
462,,India,Youtube,13700000.0
463,,Egypt,Youtube,13700000.0
464,,United States,Youtube,13700000.0
465,,Brazil,Youtube,13700000.0
466,,Thailand,Youtube,13700000.0
467,,Mexico,Youtube,13700000.0
468,,Mexico,Youtube,13700000.0
469,,Thailand,Youtube,13700000.0
470,,Russia,Youtube,13700000.0
471,,Mexico,Youtube,13700000.0
472,,India,Youtube,13600000.0
473,,United States,Youtube,13500000.0
474,,Varios,Youtube,13500000.0
475,,India,Youtube,13500000.0
476,,United States,Youtube,13500000.0
477,,United States,Youtube,13500000.0
478,,Philippines,Youtube,13500000.0
479,,India,Youtube,13500000.0
480,,India,Youtube,13500000.0
481,,United States,Youtube,13500000.0
482,,United States,Youtube,13500000.0
483,,India,Youtube,13500000.0
484,,Philippines,Youtube,13400000.0
485,,United States,Youtube,13400000.0
486,,Brazil,Youtube,13300000.0
487,,India,Youtube,13300000.0
488,,India,Youtube,13300000.0
489,,United States,Youtube,13300000.0
490,,United States,Youtube,13300000.0
491,,Varios,Youtube,13300000.0
492,,Russia,Youtube,13300000.0
493,,Brazil,Youtube,13300000.0
494,,Varios,Youtube,13300000.0
495,,Varios,Youtube,13300000.0
496,,United States,Youtube,13300000.0
497,,India,Youtube,13300000.0
498,,Russia,Youtube,13300000.0
499,,Russia,Youtube,13300000.0
500,,Indonesia,Youtube,13200000.0
501,,Varios,Youtube,13100000.0
502,,United States,Youtube,13100000.0
503,,Argentina,Youtube,13100000.0
504,,Varios,Youtube,13100000.0
505,,United States,Youtube,13100000.0
506,,Varios,Youtube,13100000.0
507,,United States,Youtube,13100000.0
508,,United States,Youtube,13100000.0
509,,India,Youtube,13100000.0
510,,Iraq,Youtube,13100000.0
511,,Mexico,Youtube,13100000.0
512,,India,Youtube,13100000.0
513,,Mexico,Youtube,13100000.0
514,,United States,Youtube,13000000.0
515,,India,Youtube,13000000.0
516,,Varios,Youtube,12900000.0
517,,Indonesia,Youtube,12900000.0
518,,Brazil,Youtube,12900000.0
519,,Varios,Youtube,12900000.0
520,,United States,Youtube,12900000.0
521,,India,Youtube,12900000.0
522,,United States,Youtube,12900000.0
523,,United States,Youtube,12900000.0
524,,United States,Youtube,12900000.0
525,,Mexico,Youtube,12900000.0
526,,United States,Youtube,12900000.0
527,,Argentina,Youtube,12900000.0
528,,India,Youtube,12800000.0
529,,India,Youtube,12700000.0
530,,United States,Youtube,12700000.0
531,,United States,Youtube,12700000.0
532,,India,Youtube,12700000.0
533,,Brazil,Youtube,12700000.0
534,,United States,Youtube,12700000.0
535,,United States,Youtube,12700000.0
536,,Brazil,Youtube,12700000.0
537,,United States,Youtube,12700000.0
538,,United States,Youtube,12700000.0
539,,Russia,Youtube,12700000.0
540,,United States,Youtube,12700000.0
541,,United States,Youtube,12700000.0
542,,Mexico,Youtube,12700000.0
543,,Varios,Youtube,12700000.0
544,,India,Youtube,12600000.0
545,,India,Youtube,12600000.0
546,,Philippines,Youtube,12600000.0
547,,Brazil,Youtube,12600000.0
548,,India,Youtube,12500000.0
549,,India,Youtube,12500000.0
550,,India,Youtube,12500000.0
551,,Brazil,Youtube,12500000.0
552,,India,Youtube,12500000.0
553,,United States,Youtube,12500000.0
554,,United States,Youtube,12500000.0
555,,Varios,Youtube,12500000.0
556,,United States,Youtube,12500000.0
557,,India,Youtube,12500000.0
558,,United States,Youtube,12500000.0
559,,Indonesia,Youtube,12500000.0
560,,United States,Youtube,12500000.0
561,,United States,Youtube,12400000.0
562,,United States,Youtube,12400000.0
563,,Brazil,Youtube,12300000.0
564,,United States,Youtube,12300000.0
565,,India,Youtube,12300000.0
566,,India,Youtube,12300000.0
567,,Brazil,Youtube,12300000.0
568,,Singapore,Youtube,12300000.0
569,,United States,Youtube,12300000.0
570,,Brazil,Youtube,12300000.0
571,,India,Youtube,12300000.0
572,,Iraq,Youtube,12300000.0
573,,United States,Youtube,12300000.0
574,,United Kingdom,Youtube,12300000.0
575,,Mexico,Youtube,12300000.0
576,,Mexico,Youtube,12300000.0
577,,Brazil,Youtube,12300000.0
578,,Philippines,Youtube,12300000.0
579,,Mexico,Youtube,12300000.0
580,,Varios,Youtube,12300000.0
581,,Iraq,Youtube,12300000.0
582,,Brazil,Youtube,12300000.0
583,,United States,Youtube,12300000.0
584,,Brazil,Youtube,12300000.0
585,,Varios,Youtube,12300000.0
586,,Brazil,Youtube,12300000.0
587,,India,Youtube,12100000.0
588,,United States,Youtube,12100000.0
589,,Brazil,Youtube,12100000.0
590,,United States,Youtube,12100000.0
591,,United Kingdom,Youtube,12100000.0
592,,India,Youtube,12100000.0
593,,France,Youtube,12100000.0
594,,Varios,Youtube,12100000.0
595,,Indonesia,Youtube,12100000.0
596,,Varios,Youtube,12100000.0
597,,India,Youtube,12000000.0
598,,India,Youtube,11900000.0
599,,India,Youtube,11900000.0
600,,Varios,Youtube,11900000.0
601,,Brazil,Youtube,11900000.0
602,,Philippines,Youtube,11900000.0
603,,Varios,Youtube,11900000.0
604,,Varios,Youtube,11900000.0
605,,Saudi Arabia,Youtube,11900000.0
606,,United States,Youtube,11900000.0
607,,United States,Youtube,11900000.0
608,,Mexico,Youtube,11900000.0
609,,United States,Youtube,11900000.0
610,,India,Youtube,11900000.0
611,,Varios,Youtube,11900000.0
612,,United States,Youtube,11900000.0
613,,Colombia,Youtube,11900000.0
614,,India,Youtube,11900000.0
615,,India,Youtube,11800000.0
616,,Mexico,Youtube,11800000.0
617,,Varios,Youtube,11800000.0
618,,Russia,Youtube,11800000.0
619,,India,Youtube,11700000.0
620,,Mexico,Youtube,11700000.0
621,,Thailand,Youtube,11700000.0
622,,Indonesia,Youtube,11700000.0
623,,India,Youtube,11700000.0
624,,India,Youtube,11700000.0
625,,United States,Youtube,11700000.0
626,,Brazil,Youtube,11700000.0
627,,Varios,Youtube,11700000.0
628,,Russia,Youtube,11700000.0
629,,United States,Youtube,11700000.0
630,,United States,Youtube,11700000.0
631,,United States,Youtube,11700000.0
632,,United States,Youtube,11700000.0
633,,United States,Youtube,11700000.0
634,,United States,Youtube,11700000.0
635,,Varios,Youtube,11700000.0
636,,India,Youtube,11700000.0
637,,India,Youtube,11700000.0
638,,Colombia,Youtube,11600000.0
639,,United States,Youtube,11600000.0
640,,India,Youtube,11600000.0
641,,Indonesia,Youtube,11600000.0
642,,Mexico,Youtube,11500000.0
643,,United States,Youtube,11500000.0
644,,United States,Youtube,11500000.0
645,,Colombia,Youtube,11500000.0
646,,Mexico,Youtube,11500000.0
647,,India,Youtube,11500000.0
648,,United States,Youtube,11500000.0
649,,Varios,Youtube,11500000.0
650,,India,Youtube,11500000.0
651,,India,Youtube,11500000.0
652,,Saudi Arabia,Youtube,11500000.0
653,,United States,Youtube,11500000.0
654,,Brazil,Youtube,11500000.0
655,,United States,Youtube,11500000.0
656,,United States,Youtube,11500000.0
657,,India,Youtube,11500000.0
658,,Spain,Youtube,11500000.0
659,,India,Youtube,11500000.0
660,,India,Youtube,11500000.0
661,,India,Youtube,11500000.0
662,,India,Youtube,11500000.0
663,,India,Youtube,11400000.0
664,,Varios,Youtube,11300000.0
665,,Pakistan,Youtube,11300000.0
666,,Mexico,Youtube,11300000.0
667,,India,Youtube,11300000.0
668,,Mexico,Youtube,11300000.0
669,,Indonesia,Youtube,11300000.0
670,,Argentina,Youtube,11300000.0
671,,India,Youtube,11300000.0
672,,Brazil,Youtube,11300000.0
673,,United States,Youtube,11300000.0
674,,Varios,Youtube,11300000.0
675,,Egypt,Youtube,11300000.0
676,,Argentina,Youtube,11300000.0
677,,Varios,Youtube,11300000.0
678,,United States,Youtube,11300000.0
679,,Colombia,Youtube,11300000.0
680,,United States,Youtube,11300000.0
681,,Mexico,Youtube,11300000.0
682,,India,Youtube,11300000.0
683,,Philippines,Youtube,11300000.0
684,,India,Youtube,11300000.0
685,,United States,Youtube,11200000.0
686,,Varios,Youtube,11200000.0
687,,Indonesia,Youtube,11200000.0
688,,India,Youtube,11200000.0
689,,India,Youtube,11100000.0
690,,Peru,Youtube,11100000.0
691,,Egypt,Youtube,11100000.0
692,,United States,Youtube,11100000.0
693,,Russia,Youtube,11100000.0
694,,United States,Youtube,11100000.0
695,,United States,Youtube,11100000.0
696,,Russia,Youtube,11100000.0
697,,Varios,Youtube,11100000.0
698,,United States,Youtube,11100000.0
699,,United States,Youtube,11100000.0
700,,United States,Youtube,11100000.0
701,,Spain,Youtube,11100000.0
702,,United States,Youtube,11100000.0
703,,United States,Youtube,11100000.0
704,,Varios,Youtube,11100000.0
705,,United States,Youtube,11100000.0
706,,India,Youtube,11100000.0
707,,Iraq,Youtube,11100000.0
708,,United States,Youtube,11100000.0
709,,Varios,Youtube,11100000.0
710,,India,Youtube,11100000.0
711,,United States,Youtube,11100000.0
712,,Varios,Youtube,11100000.0
713,,Brazil,Youtube,11100000.0
714,,Varios,Youtube,11100000.0
715,,Argentina,Youtube,11000000.0
716,,Brazil,Youtube,10900000.0
717,,United States,Youtube,10900000.0
718,,India,Youtube,10900000.0
719,,India,Youtube,10900000.0
720,,United States,Youtube,10900000.0
721,,United States,Youtube,10900000.0
722,,United States,Youtube,10900000.0
723,,Varios,Youtube,10900000.0
724,,Varios,Youtube,10900000.0
725,,Varios,Youtube,10900000.0
726,,Varios,Youtube,10900000.0
727,,Russia,Youtube,10900000.0
728,,Varios,Youtube,10900000.0
729,,India,Youtube,10900000.0
730,,United States,Youtube,10900000.0
731,,United States,Youtube,10900000.0
732,,United States,Youtube,10900000.0
733,,United States,Youtube,10900000.0
734,,United States,Youtube,10900000.0
735,,Mexico,Youtube,10900000.0
736,,India,Youtube,10900000.0
737,,Mexico,Youtube,10900000.0
738,,India,Youtube,10900000.0
739,,Mexico,Youtube,10900000.0
740,,India,Youtube,10900000.0
741,,Brazil,Youtube,10900000.0
742,,India,Youtube,10800000.0
743,,Pakistan,Youtube,10800000.0
744,,Varios,Youtube,10700000.0
745,,India,Youtube,10700000.0
746,,Brazil,Youtube,10700000.0
747,,Brazil,Youtube,10700000.0
748,,Brazil,Youtube,10700000.0
749,,United States,Youtube,10700000.0
750,,Varios,Youtube,10700000.0
751,,Brazil,Youtube,10700000.0
752,,Varios,Youtube,10700000.0
753,,Varios,Youtube,10700000.0
754,,Varios,Youtube,10700000.0
755,,Varios,Youtube,10700000.0
756,,United States,Youtube,10700000.0
757,,United Kingdom,Youtube,10700000.0
758,,Japan,Youtube,10700000.0
759,,Varios,Youtube,10700000.0
760,,United States,Youtube,10700000.0
761,,United States,Youtube,10700000.0
762,,Mexico,Youtube,10700000.0
763,,India,Youtube,10700000.0
764,,United States,Youtube,10700000.0
765,,Varios,Youtube,10700000.0
766,,Varios,Youtube,10700000.0
767,,United States,Youtube,10700000.0
768,,Brazil,Youtube,10600000.0
769,,India,Youtube,10600000.0
770,,Indonesia,Youtube,10500000.0
771,,Cyprus,Youtube,10500000.0
772,,United States,Youtube,10500000.0
773,,United States,Youtube,10500000.0
774,,Peru,Youtube,10500000.0
775,,United States,Youtube,10500000.0
776,,United States,Youtube,10500000.0
777,,Mexico,Youtube,10500000.0
778,,Brazil,Youtube,10500000.0
779,,United States,Youtube,10500000.0
780,,United States,Youtube,10500000.0
781,,United States,Youtube,10500000.0
782,,Mexico,Youtube,10500000.0
783,,United States,Youtube,10500000.0
784,,Varios,Youtube,10500000.0
785,,United States,Youtube,10500000.0
786,,United States,Youtube,10500000.0
787,,United States,Youtube,10500000.0
788,,United States,Youtube,10500000.0
789,,Mexico,Youtube,10500000.0
790,,United States,Youtube,10500000.0
791,,India,Youtube,10500000.0
792,,Brazil,Youtube,10500000.0
793,,Varios,Youtube,10500000.0
794,,United States,Youtube,10500000.0
795,,India,Youtube,10400000.0
796,,Morocco,Youtube,10400000.0
797,,Egypt,Youtube,10300000.0
798,,Brazil,Youtube,10300000.0
799,,Varios,Youtube,10300000.0
800,,Brazil,Youtube,10300000.0
801,,Bangladesh,Youtube,10300000.0
802,,United States,Youtube,10300000.0
803,,Brazil,Youtube,10300000.0
804,,India,Youtube,10300000.0
805,,Brazil,Youtube,10300000.0
806,,United States,Youtube,10300000.0
807,,United States,Youtube,10300000.0
808,,United States,Youtube,10300000.0
809,,India,Youtube,10300000.0
810,,Varios,Youtube,10300000.0
811,,United States,Youtube,10300000.0
812,,Algeria,Youtube,10300000.0
813,,United States,Youtube,10300000.0
814,,Indonesia,Youtube,10300000.0
815,,Varios,Youtube,10300000.0
816,,United States,Youtube,10300000.0
817,,Mexico,Youtube,10300000.0
818,,India,Youtube,10300000.0
819,,India,Youtube,10200000.0
820,,India,Youtube,10200000.0
821,,Brazil,Youtube,10200000.0
822,,Russia,Youtube,10200000.0
823,,India,Youtube,10100000.0
824,,Morocco,Youtube,10100000.0
825,,United States,Youtube,10100000.0
826,,Brazil,Youtube,10100000.0
827,,Algeria,Youtube,10100000.0
828,,United States,Youtube,10100000.0
829,,India,Youtube,10100000.0
830,,United States,Youtube,10100000.0
831,,Mexico,Youtube,10100000.0
832,,Mexico,Youtube,10100000.0
833,,Mexico,Youtube,10100000.0
834,,Varios,Youtube,10100000.0
835,,United States,Youtube,10100000.0
836,,India,Youtube,10100000.0
837,,Japan,Youtube,10100000.0
838,,India,Youtube,10100000.0
839,,India,Youtube,10100000.0
840,,Varios,Youtube,10100000.0
841,,India,Youtube,10100000.0
842,,Brazil,Youtube,10100000.0
843,,United States,Youtube,10100000.0
844,,Russia,Youtube,10100000.0
845,,Turkey,Youtube,10100000.0
846,,India,Youtube,10100000.0
847,,Varios,Youtube,10100000.0
848,,United States,Youtube,10100000.0
849,,India,Youtube,10100000.0
850,,Russia,Youtube,10100000.0
851,,Mexico,Youtube,10100000.0
852,,India,Youtube,10100000.0
853,,India,Youtube,10100000.0
854,,Varios,Youtube,10100000.0
855,,Brazil,Youtube,10100000.0
856,,India,Youtube,10100000.0
857,,Varios,Youtube,10000000.0
858,,India,Youtube,10000000.0
859,,Varios,Youtube,10000000.0
860,,United States,Youtube,10000000.0
861,,United States,Youtube,10000000.0
862,,United States,Youtube,9900000.0
863,,United States,Youtube,9900000.0
864,,United States,Youtube,9900000.0
865,,Brazil,Youtube,9900000.0
866,,Varios,Youtube,9900000.0
867,,Mexico,Youtube,9900000.0
868,,India,Youtube,9900000.0
869,,Saudi Arabia,Youtube,9900000.0
870,,United States,Youtube,9900000.0
871,,United States,Youtube,9900000.0
872,,United States,Youtube,9900000.0
873,,India,Youtube,9900000.0
874,,Varios,Youtube,9900000.0
875,,United States,Youtube,9900000.0
876,,India,Youtube,9900000.0
877,,India,Youtube,9900000.0
878,,India,Youtube,9800000.0
879,,United States,Youtube,9800000.0
880,,India,Youtube,9800000.0
881,,India,Youtube,9800000.0
882,,United States,Youtube,9800000.0
883,,United States,Youtube,9800000.0
884,,Brazil,Youtube,9800000.0
885,,Brazil,Youtube,9800000.0
886,,United States,Youtube,9800000.0
887,,Russia,Youtube,9800000.0
888,,Philippines,Youtube,9800000.0
889,,Brazil,Youtube,9800000.0
890,,United States,Youtube,9800000.0
891,,Russia,Youtube,9800000.0
892,,United States,Youtube,9800000.0
893,,Varios,Youtube,9800000.0
894,,Varios,Youtube,9700000.0
895,,United States,Youtube,9700000.0
896,,Egypt,Youtube,9700000.0
897,,United States,Youtube,9700000.0
898,,Indonesia,Youtube,9700000.0
899,,Russia,Youtube,9700000.0
900,,Indonesia,Youtube,9700000.0
901,,Varios,Youtube,9700000.0
902,,Iraq,Youtube,9700000.0
903,,India,Youtube,9700000.0
904,,Brazil,Youtube,9700000.0
905,,Varios,Youtube,9700000.0
906,,Thailand,Youtube,9700000.0
907,,United States,Youtube,9700000.0
908,,Russia,Youtube,9700000.0
909,,India,Youtube,9700000.0
910,,United States,Youtube,9600000.0
911,,Mexico,Youtube,9600000.0
912,,Turkey,Youtube,9600000.0
913,,Varios,Youtube,9600000.0
914,,United States,Youtube,9600000.0
915,,Varios,Youtube,9600000.0
916,,Varios,Youtube,9600000.0
917,,United States,Youtube,9600000.0
918,,India,Youtube,9600000.0
919,,Brazil,Youtube,9600000.0
920,,India,Youtube,9600000.0
921,,India,Youtube,9600000.0
922,,United States,Youtube,9600000.0
923,,Mexico,Youtube,9600000.0
924,,Brazil,Youtube,9600000.0
925,,United States,Youtube,9600000.0
926,,India,Youtube,9600000.0
927,,Brazil,Youtube,9600000.0
928,,Mexico,Youtube,9500000.0
929,,Mexico,Youtube,9500000.0
930,,United States,Youtube,9500000.0
931,,India,Youtube,9500000.0
932,,United States,Youtube,9500000.0
933,,Varios,Youtube,9500000.0
934,,United States,Youtube,9500000.0
935,,Philippines,Youtube,9500000.0
936,,Brazil,Youtube,9500000.0
937,,United States,Youtube,9500000.0
938,,United States,Youtube,9500000.0
939,,Iraq,Youtube,9500000.0
940,,United States,Youtube,9500000.0
941,,India,Youtube,9500000.0
942,,United States,Youtube,9500000.0
943,,India,Youtube,9500000.0
944,,Indonesia,Youtube,9500000.0
945,,Brazil,Youtube,9500000.0
946,,Colombia,Youtube,9500000.0
947,,Brazil,Youtube,9400000.0
948,,United States,Youtube,9400000.0
949,,India,Youtube,9400000.0
950,,India,Youtube,9400000.0
951,,Varios,Youtube,9400000.0
952,,United States,Youtube,9400000.0
953,,United States,Youtube,9400000.0
954,,United States,Youtube,9400000.0
955,,Brazil,Youtube,9400000.0
956,,United States,Youtube,9400000.0
957,,India,Youtube,9400000.0
958,,India,Youtube,9400000.0
959,,United States,Youtube,9400000.0
960,,United States,Youtube,9400000.0
961,,Colombia,Youtube,9400000.0
962,,Indonesia,Youtube,9400000.0
963,,Varios,Youtube,9400000.0
964,,Varios,Youtube,9400000.0
965,,Indonesia,Youtube,9300000.0
966,,United States,Youtube,9300000.0
967,,Varios,Youtube,9300000.0
968,,India,Youtube,9300000.0
969,,Russia,Youtube,9300000.0
970,,Russia,Youtube,9300000.0
971,,Varios,Youtube,9300000.0
972,,Thailand,Youtube,9300000.0
973,,India,Youtube,9300000.0
974,,Indonesia,Youtube,9300000.0
975,,Brazil,Youtube,9300000.0
976,,United States,Youtube,9300000.0
977,,India,Youtube,9300000.0
978,,Varios,Youtube,9300000.0
979,,Mexico,Youtube,9300000.0
980,,Iraq,Youtube,9300000.0
981,,United States,Youtube,9300000.0
982,,United States,Youtube,9300000.0
983,,Mexico,Youtube,9300000.0
984,,United States,Youtube,9300000.0
985,,Indonesia,Youtube,9200000.0
986,,United States,Youtube,9200000.0
987,,United States,Youtube,9200000.0
988,,India,Youtube,9200000.0
989,,United States,Youtube,9200000.0
990,,United States,Youtube,9200000.0
991,,India,Youtube,9200000.0
992,,United States,Youtube,9200000.0
993,,Varios,Youtube,9200000.0
994,,United States,Youtube,9200000.0
995,,Brazil,Youtube,9200000.0
996,,Brazil,Youtube,9200000.0
997,,United States,Youtube,9200000.0
998,,India,Youtube,9200000.0
999,,Brazil,Youtube,9200000.0
